Word_Original,Hierarchical_Entity_Tag
"வாழி,LONG_LIVE"
"ஆதன்,NAME"
"அவினி,NAME"
"நெல்,RICE"
"பல,MUCH"
"பொலிக,FLOURISH"
"பொன்,GOLD"
"பெரிது,GREAT"
"சிறக்க,FLOURISH"
"என,SAY"
"வேட்டோளே,WISHED"
"யாயே,MOTHER"
"யாமே,WE"
"நனைய,WET"
"காஞ்சி,KANCHI"
"சினைய,BRANCH"
"சிறுமீன்,SMALL_FISH"
"யாணர்,RENEWAL"
"ஊரன்,CHIEFTAIN"
"வாழ்க,LIVE"
"பாணனும்,BARD"
"வாழ்க,LIVE"
"வேட்டேமே,WISHED"
"விளைக,GROW"
"வயலே,FIELD"
"வருக,COME"
"இரவலர்,BEGGARS"
"பல்லிதல்,MANY"
"நீலமொடு,WITH_BLUE_LILY"
"நெய்தல்,NEYDAL_LILY"
"நிகர்க்கும்,EQUAL"
"தண்துறை,COOL_GHAT"
"யூரன்,CHIEFTAIN"
"கேண்மை,FRIENDSHIP"
"வழிவழிச்,LINEAGE"
"சிறக்க,FLOURISH"
"பால்,MILK"
"பல,MUCH"
"ஊறுக,FLOW"
"பகடு,BULL"
"சிறக்க,FLOURISH"
"வித்திய,SOWN"
"உழவர்,FARMERS"
"நெல்லோடு,WITH_RICE"
"பெயரும்,GO"
"பூக்க,FLOWER"
"லூரன்,CHIEFTAIN"
"தன்மனை,HIS_HOME"
"வாழ்க்கை,LIFE"
"பொலிக,FLOURISH"
"பகைவர்,ENEMIES"
"புல்,GRASS"
"ஆர்க,EAT"
"பார்ப்பார்,PRIESTS"
"ஓதுக,CHANT"
"பூத்த,BLOOMED"
"கரும்பிற்,SUGARCANE"
"காய்த்த,FRUITED"
"நெல்லின்,RICE"
"கழனி,FIELD"
"யூரன்,CHIEFTAIN"
"மார்பு,CHEST"
"பழன்,FRUIT"
"மாகற்க,CHILDREN"
"பசியில்,HUNGER"
"ஆகுக,BECOME"
"பிணி,SICKNESS"
"கேன்,EVIL"
"நீங்குக,LEAVE"
"முதலை,CROCODILE"
"போத்து,FEMALE"
"முழுமீன்,FISH"
"ஆரும்,EAT"
"தண்துறை,COOL_GHAT"
"யூரன்,CHIEFTAIN"
"தேரேம்,CHARIOT"
"முன்கடை,FRONT_GATE"
"நிற்க,STAND"
"வேந்துபகை,KING_ENMITY"
"தணிக,COOL"
"யாண்டுபல,YEARS_MANY"
"நந்துக,INCREASE"
"மலர்ந்த,BLOOMED"
"பொய்கை,POND"
"முகைந்த,BUDDED"
"தாமரைத்,LOTUS"
"தண்துறை,COOL_GHAT"
"யூரண்,CHIEFTAIN"
"வரைக,GIVE"
"எந்தையும்,MY_FATHER"
"கொடுக்க,GIVE"
"அற,RIGHTEOUSNESS"
"நனி,VERY"
"சிறக்க,FLOURISH"
"அல்லது,EVIL"
"கெடுக,PERISH"
"வேட்டோளே,WISHED"
"உளை,MANE"
"மருதத்து,MARUTHAM_TREE"
"க்கி,?"
"கிளைக்குரு,?"
"தண்துறை,COOL_GHAT"
"யூரன்,CHIEFTAIN"
"தன்னூர்க்,HIS_VILLAGE"
"கொண்டனன்,TOOK"
"செல்க,GO"
"அரசு,KING"
"முறை,JUSTICE"
"செய்க,DO"
"களவில்,THEFT"
"லாகுக,?"
"அலங்கு,WAVING"
"சினை,BRANCH"
"மாஅத்து,MANGO_TREE"
"அணிமயில்,BEAUTIFUL_PEACOCK"
"இருக்கும்,SITS"
"புக்கு,ENTERING"
"அஞல்,?"
"ஊரன்,CHIEFTAIN"
"சுளீவண்,?"
"வாய்ப்ப,SUITABLE"
"தாக,BE"
"வேட்டோமே,WISHED"
"நன்று,GOOD"
"பெரிது,GREAT"
"தீது,EVIL"
"இல்,NO"
"ஆகுக,BECOME"
"கயலார்,FISH_EYED"
"நாரை,STORK"
"போர்வின்,BACK"
"சேக்கும்,REST"
"கேண்மை,FRIENDSHIP"
"அம்பல்,GOSSIP"
"ஆகற்க,AVOID"
"மாரி,RAIN"
"வாய்க்க,PROVIDE"
"வள,WEALTH"
"நனி,VERY"
"பூத்த,BLOOMED"
"மாஅத்துப்,MANGO_TREE"
"புலால்,FLESH"
"அஞ்,?"
"சிறுமீன்,SMALL_FISH"
"தண்துறை,COOL_GHAT"
"யூரன்,CHIEFTAIN"
"தன்னோடு,WITH_HIM"
"கொண்டனன்,TOOK"
"செல்க,GO"
"மனை,HOME"
"நடு,CENTER"
"வயலை,VAZHAL"
"வேழம்,ELEPHANT"
"சுற்றும்,SURROUND"
"துறைகேழ்,GHAT"
"ஊரன்,CHIEFTAIN"
"கொடுமை,CRUELTY"
"நாணி,ASHAMED"
"நல்லன்,GOOD"
"என்றும்,ALWAYS"
"யாமே,WE"
"அல்லன்,NOT"
"என்னும்,SAYS"
"என்,MY"
"தடமென்,BROAD_SOFT"
"தோளே,SHOULDER"
"கரைசேர்,SHORE_JOINED"
"வேழம்,ELEPHANT"
"கரும்பிற்,SUGARCANE"
"பூக்கும்,BLOOMS"
"துறைகேழ்,GHAT"
"நன்றும்,WELL"
"ஆற்றுக,BEAR"
"தில்ல,NOT"
"யாமே,WE"
"தோற்க,FAIL"
"தில்ல,NOT"
"என்,MY"
"தடமென்,BROAD_SOFT"
"தோளே,SHOULDER"
"பரியுடை,FEARFUL"
"நன்மான்,GOOD_HORSE"
"பொங்குளை,MANE"
"யன்ன,LIKE"
"வடகரை,NORTH_BANK"
"வேழம்,ELEPHANT"
"வெண்பூ,WHITE_FLOWER"
"பகரும்,GIVE"
"தண்துறை,COOL_GHAT"
"யூரண்,CHIEFTAIN"
"பெண்டிர்,WOMEN"
"துஞ்சூர்,SLEEP_VILLAGE"
"யாமத்துந்,NIGHT"
"துயல்,SLEEP"
"அறியலரே,NOT_KNOW"
"கொடிப்பூ,FLAG_FLOWER"
"வேழம்,ELEPHANT"
"தீண்டி,TOUCHING"
"அயல,NEARBY"
"வடுக்கொண்,SCAR"
"மாஅத்து,MANGO_TREE"
"வண்தளிர்,FINE_SPROUT"
"நுடங்கும்,WAVES"
"மணித்துறை,GEM_GHAT"
"வீரன்,HERO"
"மார்பே,CHEST"
"பனித்துயில்,DEW_SLEEP"
"செய்யும்,DOES"
"இன்சாயற்றே,SWEET_NATURE"
"மண்,EARTH"
"ஆடு,PLAY"
"மலிர்நிறை,FULL"
"விரும்பிய,DESIRED"
"ஒண்தழைப்,BRIGHT_LEAF"
"புனலாடு,BATHE"
"மகளிர்க்குப்,WOMEN"
"புணர்துணை,LOVER"
"உதவும்,HELPS"
"வேழ,ELEPHANT"
"மூதூர்,OLD_CITY"
"ஊரன்,CHIEFTAIN"
"ஊரன்,CHIEFTAIN"
"ஆயினும்,EVEN_IF"
"ஊரனல்லன்னே,NOT_LIKE_CHIEFTAIN"
"ஓங்குபூ,HIGH_FLOWER"
"வேழத்துத்,ELEPHANT"
"தூம்புடை,HOLLOW"
"திரள்கால்,THICK_LEG"
"சிறுதொழு,SMALL_WORK"
"மகளிர்,WOMEN"
"அஞ்சனம்,COLIRIUM"
"பெய்யும்,PUT"
"பூக்க,FLOWER"
"அஞல்,?"
"ஊரனை,CHIEFTAIN"
"உள்ளி,THINKING"
"பூப்போல்,FLOWER_LIKE"
"உண்கண்,PAINTED_EYE"
"பொன்போர்த்தனவே,GOLD_COVERED"
"புதன்மிசை,NEW_PLACE"
"நுடங்கும்,WAVES"
"வேழ,ELEPHANT"
"வெண்பூ,WHITE_FLOWER"
"விசும்பாடு,SKY_PLAY"
"குருகின்,HERON"
"தன்றும்,ITSELF"
"ஊரன்,CHIEFTAIN"
"புதுவோர்,NEW_PEOPLE"
"மேவலன்,NOT_ACCEPT"
"ஆகலின்,BECAUSE"
"வறிதாகின்று,EMPTY"
"என்,MY"
"மடங்கெழு,GENTLE"
"நெஞ்சே,HEART"
"இருஞ்சாயன்ன,DARK_NIGHT_LIKE"
"செருந்தியொடு,WITH_CHERUNDHI"
"வேழம்,ELEPHANT"
"கரும்பின்,SUGARCANE"
"அலம்ரும்,?"
"கழனி,FIELD"
"ஊரன்,CHIEFTAIN"
"பொருந்து,JOIN"
"மலரன்ன,FLOWER_LIKE"
"என்,MY"
"கண்ணழ,EYES_CRY"
"பிரிந்தனன்,SEPARATED"
"அல்லனோ,NOT"
"பிரியலென்,WILL_NOT_SEPARATE"
"என்றே,SAID"
"எக்கர்,SAND_DUNE"
"மாஅத்துப்,MANGO_TREE"
"புதுப்பூம்,NEW_FLOWER"
"பெருஞ்சினை,GREAT_BRANCH"
"புணர்ந்தோர்,LOVERS"
"மெய்ம்மணம்,BODY_FRAGRANCE"
"கமழும்,FRAGRANT"
"தண்பொழில்,COOL_GROVE"
"வேழவெண்பூ,ELEPHANT_WHITE_FLOWER"
"வெள்ளுகை,WHITE_PALM"
"சீக்கும்,?"
"ஊரன்,CHIEFTAIN"
"ஆகலின்,BECAUSE"
"கலங்கி,CONFUSED"
"மாரி,RAIN"
"மலரின்,FLOWER"
"கண்,EYE"
"பனியுகுமே,DEW_SHEDS"
"அறுசில்,SIX_?"
"கால,SEASON"
"அஞ்சிறை,FIVE_WING"
"தும்பி,BEE"
"நூற்றிதழ்,HUNDRED_PETAL"
"தாமரைப்,LOTUS"
"பூச்சினை,FLOWER_BRANCH"
"சீக்கும்,?"
"காம்புகண்டன்ன,STEM_LIKE"
"தூம்புடை,HOLLOW"
"வேழத்துத்,ELEPHANT"
"துறைநணி,GHAT_NEAR"
"யூரனை,CHIEFTAIN"
"உள்ளியென்,THINKING_I"
"இறையேர்,?"
"எல்வளை,SHINING_BANGLE"
"நெகிழ்பு,LOOSE"
"ஓடும்மே,RUN"
"முள்ளி,MULLI"
"நீடிய,LONG"
"முதுநீர்,OLD_WATER"
"அடைகரை,SHORE"
"புள்ளிக்,SPOTTED"
"கள்வன்,THIEF"
"ஆம்பல்,AMPA_LILY"
"அறுக்கும்,CUT"
"தண்டுறை,COOL_GHAT"
"ய்ய்ரன்,?"
"தளிப்பவும்,SPRINKLE"
"உண்கண்,PAINTED_EYE"
"பசப்பு,PALLOR"
"எவன்கொல்,WHY"
"அன்னாய்,OH_MOTHER"
"அள்ளல்,MUD"
"ஆடிய,BATHED"
"புள்ளிக்,SPOTTED"
"கள்வன்,THIEF"
"முள்ளி,MULLI"
"வேரளை,ROOT"
"செல்லும்,GO"
"ஊரன்,CHIEFTAIN"
"நல்லசொல்லி,GOOD_WORDS"
"மணந்து,JOINED"
"இனி,NOW"
"நீயேன்,YOU_I"
"என்றது,SAID"
"எவன்கொல்,WHY"
"முள்ளி,MULLI"
"வேரளை,ROOT"
"கள்வன்,THIEF"
"ஆட்டி,LEAD"
"பூக்குற்று,FLOWER"
"எய்திய,REACHED"
"புனல்,WATER"
"அணி,ORNAMENT"
"யூரன்,CHIEFTAIN"
"தேற்றஞ்,TRUST"
"செய்து,DOING"
"நப்,US"
"புணர்ந்து,JOINED"
"இனித்,SWEET"
"தாக்கணங்கு,?"
"ஆவ,BE"
"தாய்சாப்,?"
"பிறக்கும்,BORN"
"புள்ளிக்,SPOTTED"
"கள்வனொடு,WITH_THIEF"
"பிள்லை,CHILD"
"தன்னும்,ITSELF"
"முதலைத்து,?"
"அவனூர்,HIS_VILLAGE"
"எய்தினன்,REACHED"
"அகின்றுகொல்லோ,?"
"மகிழ்நன்,HUSBAND"
"பொலந்தொடி,GOLD_BANGLE"
"தெளிர்ப்ப,SOUND"
"முயங்கியவர்,EMBRACED"
"நலம்,BEAUTY"
"கொண்டு,TAKING"
"துறப்பது,LEAVE"
"எவன்கொல்,WHY"
"அயல்,OTHER"
"புறந்தந்த,OUTSIDE_GAVE"
"புனிற்றுவளர்,NEW_GROW"
"பைங்காய்,GREEN_FRUIT"
"வயலை,VAZHAL"
"செங்கொடி,RED_CREEPER"
"கள்வன்,THIEF"
"அறுக்கும்,CUT"
"கழனி,FIELD"
"யூரன்,CHIEFTAIN"
"மார்பு,CHEST"
"பலர்க்கு,TO_MANY"
"இழை,JEWEL"
"நெகிழ்,LOOSE"
"செல்லல்,DISTRESS"
"ஆகும்,BECOMES"
"கரந்தைஅம்,KARANTHAI_BEAUTIFUL"
"செறுவில்,FIELD"
"துணை,COMPANION"
"துறந்து,LEAVING"
"கள்வன்,THIEF"
"வள்ளை,VALLARAI"
"மென்கால்,SOFT_LEG"
"அறுக்கும்,CUT"
"ஊரன்,CHIEFTAIN"
"எம்மும்,WE"
"பிறரும்,OTHERS"
"அறியான்,NOT_KNOW"
"இன்னன்,SUCH"
"ஆவது,BECOME"
"செந்நெலம்,RED_RICE"
"செறுவில்,FIELD"
"கதிகொண்டு,?"
"கள்வன்,THIEF"
"தண்அக,COOL_INSIDE"
"மண்அளை,EARTH_CAVE"
"செல்லும்,GO"
"ஊரற்கு,TO_CHIEFTAIN"
"எவ்வளை,WHICH_BANGLE"
"நெகிழ,LOOSE"
"சாஅய்,DIE"
"அல்லல்,DISTRESS"
"உழப்பது,SUFFER"
"உண்துறை,EATING_GHAT"
"அணங்கு,GODDESS"
"இவள்,SHE"
"உறைநோய்,RESIDENCE_SICKNESS"
"ஆயின்,IF"
"தண்சேறு,COOL_MUD"
"கள்வன்,THIEF"
"வரிக்கும்,DRAWS"
"ஊரற்கு,TO_CHIEFTAIN"
"ஒண்டொடி,BRIGHT_BANGLE"
"நெகிழச்,LOOSE"
"சாஅய்,DIE"
"மெந்தோள்,SOFT_SHOULDER"
"பசப்பு,PALLOR"
"மாரி,RAIN"
"கடிகொள,?"
"காவலர்,GUARDS"
"கடுக,HASTEN"
"வித்திய,SOWN"
"வென்முளை,TENDER_SPROUT"
"கள்வன்,THIEF"
"அறுக்கும்,CUT"
"கழனி,FIELD"
"யூரன்,CHIEFTAIN"
"மார்புற,CHEST"
"மரீஇத்,?"
"திதலை,FRECKLE"
"அல்குல்,WAIST"
"நின்மகள்,YOUR_DAUGHTER"
"பசலை,PALLOR"
"கொள்வது,TAKING"
"வேப்பு,NEEM"
"நனையன்ன,WET_LIKE"
"நெடுங்கள்,LONG_KALL"
"கள்வன்,THIEF"
"தண்அக,COOL_INSIDE"
"மண்அளை,EARTH_CAVE"
"நிறைய,FULL"
"நெல்லின்,RICE"
"இரும்பூ,GREAT_FLOWER"
"உறைக்கும்,DRIPS"
"ஊரற்கு,TO_CHIEFTAIN"
"இவள்,SHE"
"பெருங்கவின்,GREAT_BEAUTY"
"இழப்பது,LOSE"
"அம்ம,AH"
"வாழி,LONG_LIVE"
"தோழி,FRIEND"
"மகிழ்நன்,HUSBAND"
"கடனன்று,NOT_DUTY"
"என்னும்,SAYS"
"கொல்லோ,PERHAPS"
"நம்மூர்,OUR_VILLAGE"
"முடமுதிர்,OLD"
"மருதத்துப்,MARUTHAM_TREE"
"பெருந்துறை,GREAT_GHAT"
"உடனாடு,PLAY_TOGETHER"
"ஆயமோடு,WITH_TROOP"
"உற்ற,JOINED"
"சூளே,VOW"
"ஒருநாள்,ONE_DAY"
"நம்மில்,US"
"வந்ததற்கு,FOR_COMING"
"எழுநாள்,SEVEN_DAYS"
"அழுப,CRY"
"என்ப,SAY"
"அவன்,HIS"
"பெண்டிர்,WOMEN"
"தீயுறு,FIRE"
"மெழுகின்,WAX"
"ஞெகிழ்வனர்,LOOSE"
"விரைந்தே,QUICKLY"
"மருது,MARUTHAM_TREE"
"உயர்ந்து,HIGH"
"ஓங்கிய,RAISED"
"விரிபூம்,SPREAD_FLOWER"
"பெருந்துறைப்,GREAT_GHAT"
"பெண்டிரோடு,WITH_WOMEN"
"ஆடும்,DANCE"
"என்பதன்,SAYING"
"தண்தார்,COOL_GARLAND"
"அகலம்,CHEST"
"தலைத்தலைக்,HEAD_HEAD"
"கொளவே,TAKE"
"நம்மூர்ப்,OUR_VILLAGE"
"பொய்கைப்,POND"
"பூத்த,BLOOMED"
"புழற்கால்,HOLLOW_LEG"
"ஆம்பல்,AMPA_LILY"
"தாது,POLLEN"
"ஏர்,BEAUTY"
"வண்ணம்,COLOR"
"கொண்டன,TOOK"
"ஏதிலாளற்குப்,STRANGER"
"பசந்த,TURNED_PALE"
"என்,MY"
"கண்ணே,EYES"
"ஆம்பல்,AMPA_LILY"
"நார்,FIBER"
"உரி,SKIN"
"மென்கால்,SOFT_STEM"
"நிறத்தினும்,THAN_COLOR"
"நிழற்றுதல்,SHINES"
"மன்னே,INDEED"
"இனி,NOW"
"பசந்தன்று,TURNED_PALE"
"என்,MY"
"மாமை,DARK_BEAUTY"
"கவினே,BEAUTY"
"யூரன்,CHIEFTAIN"
"நம்மறந்து,FORGET_US"
"அமைகுவனாயின்,IF_CONTENT"
"நாம்மறந்து,WE_FORGET"
"உள்ளாது,NOT_THINKING"
"அமைதலும்,CONTENT"
"அமைகுவம்,WE_CONTENT"
"மன்னே,INDEED"
"கயலென,FISH"
"கருதிய,THOUGHT"
"உண்கண்,PAINTED_EYE"
"பசலைக்கு,FOR_PALLOR"
"ஒல்கா,NOT_SUCCUMB"
"ஆகுதல்,BEING"
"பெறினே,IF_GET"
"நயந்தோர்,LOVERS"
"உண்கண்,PAINTED_EYE"
"பசந்து,PALE"
"பனிமல்க,TEARS_FILL"
"வல்லன்,ABLE"
"வல்லன்,ABLE"
"பொய்த்தல்,LIE"
"தேற்றான்,NOT_BELIEVE"
"உற்ற,JOINED"
"சூள்வாய்த்தல்லெ,?"
"மகிநன்,HUSBAND"
"தன்சொல்,HIS_WORD"
"உணர்ந்தோர்,KNOWERS"
"அறியலன்,NOT_KNOW"
"என்றும்,EVER"
"தந்தளிர்,FATHER_SPROUT"
"வெளவும்,STEAL"
"மேனி,BODY"
"ஒள்தோடி,BRIGHT_BANGLE"
"முன்கை,FOREARM"
"யாம்அழ,WE_CRY"
"பிரிந்தே,LEFT"
"யூரன்,CHIEFTAIN"
"வெம்முலை,HOT_BREAST"
"யடைய,REACH"
"முயங்கி,EMBRACE"
"நம்வயின்,US"
"திருந்திழைப்,PERFECT_JEWEL"
"பணைத்தோள்,DRUM_SHOULDER"
"ஞெகிழப்,LOOSE"
"பிரிந்தனன்,LEFT"
"ஆயினும்,EVEN_IF"
"பிரியலன்,WILL_NOT_LEAVE"
"மன்னே,INDEED"
"மகிநன்,HUSBAND"
"ஒள்தொடி,BRIGHT_BANGLE"
"முன்கை,FOREARM"
"யாம்,WE"
"அழ,CRY"
"பிரிந்து,LEAVING"
"தன்,HE"
"பெண்டிர்,WOMEN"
"ஊர்,VILLAGE"
"இறை,TAX"
"கொண்டனன்,TOOK"
"என்ப,SAY"
"கெண்டை,FISH"
"பாய்தர,LEAP"
"அவிழ்ந்த,BLOOMED"
"வண்டுபிணி,BEE_SWARM"
"ஆம்பல்,AMPA_LILY"
"நாடுகிழவோனே,LAND_OWNER"
"தன்பார்ப்புத்,ITS_YOUNG"
"தின்னும்,EATS"
"அன்பில்,LOVELESS"
"முதலையொடு,WITH_CROCODILE"
"வெண்பூம்,WHITE_FLOWER"
"பொய்கைத்து,POND"
"அவனூர்என்ப,HIS_VILLAGE_SAY"
"அதனால்,THEREFORE"
"தன்சொல்,HIS_WORD"
"உணர்ந்தோர்,KNOWERS"
"மேனி,BODY"
"பொன்போல்,GOLD_LIKE"
"செய்யும்,MAKES"
"ஊர்கிழவோனே,VILLAGE_LORD"
"மகிழ்மிக,JOY_MUCH"
"சிறப்ப,SPECIAL"
"மயங்கினள்கொலோ,CONFUSED"
"யாணர்,RENEWAL"
"ஊரநின்,CHIEFTAIN"
"மானிழை,BEAUTIFUL_JEWEL"
"யரிவை,WOMAN"
"காவிரி,KAVERI"
"மலிர்நிறை,FULL"
"யன்ன,LIKE"
"நின்,YOUR"
"மார்புநனி,CHEST"
"விலக்கல்,REFUSE"
"தொடங்கியோளே,STARTED"
"அம்பணத்தன்ன,?"
"யாமை,TURTLE"
"யேறி,CLIMB"
"செம்பின்னன்ன,COPPER_LIKE"
"பார்ப்புப்,YOUNG"
"பலதுஞ்சும்,MANY_SLEEP"
"யாணர்,RENEWAL"
"ஊரந,CHIEFTAIN"
"நின்னினும்,THAN_YOU"
"பாணன்,BARD"
"பொய்யன்,LIAR"
"பல்சூளினனே,MANY_VOWS"
"தீம்பெரும்,SWEET_GREAT"
"பொய்கை,POND"
"யாமை,TURTLE"
"இளம்பார்ப்புத்,YOUNG_ONES"
"தாய்முகம்,MOTHER_FACE"
"நோக்கி,LOOKING"
"வளர்ந்திசின்,GROWN"
"ஆஅங்கு,LIKE_THAT"
"அதுவே,THAT"
"ஐய,?"
"நின்,YOUR"
"மார்பே,CHEST"
"அறிந்தனை,KNOW"
"ஒழுகுமதி,LIVE"
"அறனுமார்,RIGHTEOUSNESS"
"அதுவே,THAT"
"கூதிர்,WINTER"
"ஆயின்,IF"
"தன்கலிழ்,ITS_?"
"தந்து,GIVING"
"வேனில்,SUMMER"
"ஆயின்,IF"
"மணிநிறம்,GEM_COLOR"
"கொள்ளும்,TAKES"
"யாறு,RIVER"
"அணிந்தன்று,ADORNED"
"நின்,YOUR"
"ஊரே,VILLAGE"
"பச்ப்ப,?"
"அணிந்தனவால்,ADORNED"
"மகிழ்ந,HUSBAND"
"என்,MY"
"கண்ணே,EYES"
"நினக்கே,FOR_YOU"
"அன்று,NOT"
"அது,THAT"
"எமக்குமார்,FOR_US_ALSO"
"இனிதே,SWEET"
"நின்மார்பு,YOUR_CHEST"
"நய்ந்த,DESIRED"
"நன்னுதல்,GOOD_FOREHEAD"
"அரிவை,WOMAN"
"வேண்டிய,DESIRED"
"குறிப்பினை,INTENTION"
"யாகி,BEING"
"ஈண்டு,HERE"
"நீ,YOU"
"அருளாது,NOT_GRACE"
"ஆண்டு,THERE"
"உறைதல்லே,LIVE"
"முள்ளெயிற்றுப்,THORN_TOOTHED"
"பாண்மகள்,BARD_WOMAN"
"இன்கெடிறு,SWEET_KEDIR_FISH"
"சொரிந்த,POURED"
"அகன்பெரு,WIDE_GREAT"
"வட்டி,PLATE"
"நிறைய,FULL"
"மனையோள்,WIFE"
"அரிகால்,?"
"பெரும்பயறு,GREAT_BEANS"
"நிறைக்கும்,FILLS"
"ஊர,OH_CHIEFTAIN"
"மாணிமழை,?"
"ஆயம்,TROOP"
"அறியும்,KNOWS"
"நின்,YOUR"
"பாணன்,BARD"
"போல,LIKE"
"பலபொய்த்தல்லே,MANY_LIES"
"வலைவல்,NET_SKILLED"
"பாண்மகன்,BARD_SON"
"வாலெயிற்று,WHITE_TOOTHED"
"மடமகல்,GENTLE_DAUGHTER"
"வராஅல்,FISH"
"அஒரிந்த,?"
"வட்டியுள்,PLATE"
"மனையோள்,WIFE"
"யாண்டு,YEAR"
"கழி,PAST"
"வெண்ணெல்,WHITE_RICE"
"நிறைக்கும்,FILLS"
"ஊர,OH_CHIEFTAIN"
"வேண்டேம்,NOT_WANT"
"பெரும,LORD"
"நின்,YOUR"
"பரத்தை,MISTRESS"
"யாண்டுச்,WHERE"
"செய்குறியோடு,?"
"ஈண்டு,HERE"
"நீ,YOU"
"வரவே,COME"
"அஞ்சில்,FEARLESS"
"ஓதி,HAIR"
"அசைநடை,SLOw_WALK"
"பாண்மகள்,BARD_DAUGHTER"
"சில்மீன்,FEW_FISH"
"சொரிந்து,POURING"
"பல்நெல்,MANY_RICE"
"பெறூஉம்,GETS"
"யாணர்,RENEWAL"
"ஊரநின்,CHIEFTAIN_YOUR"
"பாண்மகன்,BARD_SON"
"யார்,WHO"
"நலம்,BEAUTY"
"சிதயப்,DESTROY"
"பொய்க்குமோ,WILL_HE_LIE"
"இனியே,NOW"
"துணையோர்,HELPERS"
"செல்வமும்,WEALTH"
"யாமும்,WE"
"வருந்துதும்,SUFFER"
"வஞ்சி,VANJI"
"ஓங்கிய,HIGH"
"யாணர்,RENEWAL"
"ஊர,OH_CHIEFTAIN"
"தஞ்சம்,REFUGE"
"அருளாய்,GRACE_NOT"
"நீயே,YOU"
"நின்,YOUR"
"நெஞ்சம்,HEART"
"பெற்ற,GOT"
"இவளுமார்,SHE"
"அழுமே,CRIES"
"நீருறை,WATER_LIVE"
"கோழி,HEN"
"நீலச்,BLUE"
"சேவல்,COCK"
"கூருகிர்ப்,SHARP_CLAW"
"பேடை,FEMALE"
"வயாஅம்,?"
"ஊர,OH_CHIEFTAIN"
"புளிங்காய்,SOUR_FRUIT"
"வேட்கைத்து,DESIRE"
"அன்று,NOT"
"நின்,YOUR"
"மலர்ந்த,BLOOMED"
"மார்பு,CHEST"
"இவள்,SHE"
"வயாஅநோய்க்கே,?"
"வயலை,VAZHAL"
"செங்கொடிப்,RED_CREEPER"
"பிணையல்,GARLAND"
"தைஇ,MADE"
"செவ்விரல்,RED_FINGER"
"சிவந்த,RED"
"சேயரி,?"
"மழைக்கண்,CLOUD_EYE"
"செவ்வாய்க்,RED_MOUTH"
"குறுமகள்,SMALL_WOMAN"
"இனைய,GRIEVE"
"எவ்வாய்,ALL_SIDES"
"முன்னின்று,STANDING_BEFORE"
"மகிழ்ந,HUSBAND"
"நின்,YOUR"
"தேரே,CHARIOT"
"துறை,GHAT"
"எவன்,WHY"
"அணங்கும்,GODDESS"
"யாம்,WE"
"உற்ற,SUFFERED"
"நோயே,SICKNESS"
"சிறையழி,WING_LOST"
"புதுப்புனல்,NEW_WATER"
"பாய்ந்தென,SPRUNG"
"கலங்கி,CONFUSED"
"கழனித்,FIELD"
"தாமரை,LOTUS"
"மலரும்,BLOOMS"
"பழன,MEADOW"
"ஊர,OH_CHIEFTAIN"
"நீயுற்ற,YOU_SUFFERED"
"சூளே,VOW"
"திண்தேர்த்,STRONG_CHARIOT"
"தென்னவன்,PANDYA_KING"
"நல்நாட்டு,GOOD_LAND"
"உள்ளதை,?"
"வேனில்,SUMMER"
"ஆயினும்,EVEN_IF"
"தண்புனல்,COOL_WATER"
"ஒழுகும்,FLOWS"
"தேனூர்,HONEY_VILLAGE"
"அன்ன,LIKE"
"இவள்,SHE"
"தெரிவளை,CERTAIN_BANGLE"
"நெகிழ,LOOSE"
"ஊரின்,VILLAGE"
"ஊரனை,CHIEFTAIN"
"நீ,YOU"
"தர,BRING"
"வந்த,CAME"
"பஞ்சாய்க்,COTTON"
"கோதை,GARLAND"
"மகளிர்க்கு,TO_WOMEN"
"அஞ்சுவல்,FEAR"
"அம்ம,AH"
"அம்முறை,THAT_WAY"
"வரினே,IF_COME"
"கரும்பின்,SUGARCANE"
"எந்திரம்,?"
"களிறு,ELEPHANT"
"எதிர்,OPPOSITE"
"பிளிற்ரும்,TRUMPETS"
"தேர்வண்,CHARIOT_GENEROUS"
"கோமான்,KING"
"தேனூர்,HONEY_VILLAGE"
"அன்ன,LIKE"
"இவள்,SHE"
"நல்லணி,GOOD_ORNAMENT"
"நயந்து,LOVING"
"நீ,YOU"
"துறத்தலின்,LEAVING"
"பல்லோர்,MANY"
"அறிய,KNOW"
"பசந்தன்று,TURNED_PALE"
"நுதலே,FOREHEAD"
"பகல்கொள்,DAY_TAKING"
"விளக்கோடு,WITH_LAMP"
"இராநாள்,NIGHT_DAY"
"அறியா,NOT_KNOWING"
"வெல்போர்ச்,VICTORIOUS_WAR"
"சோழர்,CHOLAS"
"ஆமூர்,AMUR"
"அன்ன,LIKE"
"இவள்,SHE"
"நலம்பெறு,BEAUTY"
"சுடர்நுதல்,SHINING_FOREHEAD"
"தேம்ப,SUFFER"
"எவன்,WHAT"
"பயம்,FRUIT"
"செய்யும்,DOES"
"நீ,YOU"
"தேற்றிய,TRUSTED"
"மொழியே,WORDS"
"பகலின்,DAY"
"தோன்றும்,APPEARS"
"பல்கதிர்த்,MANY_RAYS"
"தீயின்,FIRE"
"ஆம்பல்,AMPA_LILY"
"அம்,?"
"செறுவின்,FIELD"
"தேனூர்,HONEY_VILLAGE"
"அன்ன,LIKE"
"இவள்,SHE"
"நலம்,BEAUTY"
"புலம்பப்,ALONE"
"பிரிய,SEPARATE"
"அனை,SO_MANY"
"நலம்,BEAUTY"
"உடையளோ,HAS_SHE"
"மகிழ்ந,HUSBAND"
"நின்,YOUR"
"பெண்டே,WIFE"
"விண்டு,?"
"அன்ன,LIKE"
"வெண்ணெல்,WHITE_RICE"
"போர்வின்,?"
"கைவண்,HAND_GENEROUS"
"விராஅன்,?"
"இருப்பை,IRUPPAI_TREE"
"அன்ன,LIKE"
"இவள்,SHE"
"அணங்கு,GODDESS"
"உற்றனை,OBTAINED"
"போறி,LIKE"
"பிறர்க்கு,TO_OTHERS"
"மனையையால்,HOME"
"வாழி,LONG_LIVE"
"நீயே,YOU"
"கேட்சின்,?"
"வாழியோ,LONG_LIVE"
"மகிழ்ந,HUSBAND"
"ஆற்றுற,?"
"மையல்,CONFUSION"
"நெஞ்சிற்கு,TO_HEART"
"எவ்வம்,SORROW"
"தீர,REMOVE"
"நினக்கு,FOR_YOU"
"மருந்து,MEDICINE"
"தாகிய,BECOME"
"யான்,I"
"இனி,NOW"
"இவட்கு,FOR_HER"
"மருந்து,MEDICINE"
"அன்மை,NOT_BEING"
"நோம்,GRIEVE"
"என்,MY"
"நெஞ்சே,HEART"
"பழனக்,MEADOW"
"கம்புள்,?"
"பயிர்ப்பெடை,CRYING_FEMALE"
"அகவும்,CALLS"
"கழனி,FIELD"
"யுரநின்,?"
"மொழிவல்,WILL_SPEAK"
"என்றும்,EVER"
"துங்சுமனை,?"
"நெடுநகர்,LONG_PALACE"
"வருதி,COME"
"அஞ்சாயோ,NOT_FEAR"
"இவள்,SHE"
"தந்தைகை,FATHER_HAND"
"வேலே,SPEAR"
"நறுவடி,SWEET_CUT"
"மாஅத்து,MANGO_TREE"
"விளைந்து,RIPENED"
"கு,FALL"
"தீப்பழம்,RIPE_FRUIT"
"நெடுநீர்ப்,LONG_WATER"
"பொய்கைத்,POND"
"துடுமென,SOUND"
"விழூஉம்,FALLS"
"கைவண்மத்தி,?"
"கழாஅர்,?"
"அன்ன,LIKE"
"நல்லோர்,GOOD_PEOPLE"
"நல்லோர்,GOOD_PEOPLE"
"நாடி,SEEKING"
"வதுவை,MARRIAGE"
"அயர,CELEBRATE"
"விரும்புதி,DESIRE"
"நீயே,YOU"
"இந்திர,INDRA"
"விழவின்,FESTIVAL"
"பூவின்,FLOWER"
"அன்ன,LIKE"
"புந்தலைப்,?"
"பேடை,FEMALE"
"வரிநிழல்,STRIPED_SHADE"
"அகவும்,CALLS"
"இவ்வூர்,THIS_VILLAGE"
"மங்கையர்த்,WOMEN"
"தொகுத்து,GATHERING"
"இனி,NOW"
"எவ்வூர்,WHICH_VILLAGE"
"நின்றன்று,STOOD"
"மகிழ்ந,HUSBAND"
"நின்,YOUR"
"தேரே,CHARIOT"
"பொய்கைப்,POND"
"பள்ளிப்,BED"
"புலவுநாறு,STENCH_SMELLING"
"நீர்நாய்,OTTER"
"வாளை,VAALAI_FISH"
"நாளிரை,DAILY_PREY"
"பெறூஉம்,GETS"
"ஊர,OH_CHIEFTAIN"
"எம்நலம்,OUR_BEAUTY"
"தொலைவ,PERISH"
"தாயினும்,EVEN_IF"
"துன்னலம்,WE_WILL_NOT_APPROACH"
"பெரும,LORD"
"பிறர்த்,OTHERS"
"தோய்ந்த,TOUCHED"
"மார்பே,CHEST"
"அலமரல்,CONFUSED"
"ஆயமோடு,WITH_TROOP"
"அமர்துணை,LOVED_COMPANION"
"தழீஇ,EMBRACE"
"நலமிகு,BEAUTY_GREAT"
"புதுப்புனல்,NEW_WATER"
"ஆட,BATHE"
"கண்டோர்,THOSE_WHO_SAW"
"ஒருவரும்,ONE"
"இருவரும்,TWO"
"அல்லர்,NOT"
"பலரே,MANY"
"தெய்ய,?"
"எம்,OUR"
"மறையாதீமே,DO_NOT_HIDE"
"கரும்புநடு,SUGARCANE_PLANT"
"பாத்தியில்,IN_BED"
"கலித்த,ABUNDANT"
"ஆம்பல்,AMPA_LILY"
"சுரும்பு,BEE"
"பசி,HUNGER"
"களையும்,REMOVES"
"பெரும்புன,?"
"லூர,OH_CHIEFTAIN"
"புதல்வனை,SON"
"ஈன்ற,GAVE_BIRTH"
"எம்,OUR"
"மேனி,BODY"
"முயங்கன்மோ,DO_NOT_EMBRACE"
"தெய்ய,?"
"நின்,YOUR"
"மார்பு,CHEST"
"சிதைப்பதுவே,DESTROYS"
"உடலினேன்,WILL_FIGHT"
"அல்லேன்,NOT"
"பொய்யாது,TRUTHFULLY"
"உரைமோ,SPEAK"
"யாரவள்,WHO_SHE"
"மகிழ்ந,HUSBAND"
"தானே,SHE"
"தேரொடு,WITH_CHARIOT"
"தளர்நடை,UNSTEADY_WALK"
"பதல்வனை,?"
"உள்ளி,THINKING"
"நின்,YOUR"
"வளவமனை,?"
"வருதலும்,COMING"
"வெளவியோனே,STOLE"
"மடவள்,SIMPLE"
"அம்மநீ,AH_YOU"
"இனி,NOW"
"கொண்டோளே,TOOK"
"தன்னொடு,WITH_HER"
"நிகரா,NOT_EQUAL"
"என்னொடு,WITH_ME"
"நிகரிப்,CONSIDER_EQUAL"
"பெருநலம்,GREAT_BEAUTY"
"தருக்கும்,PRIDE"
"என்ப,SAY"
"விரிமலர்த்,SPREAD_FLOWER"
"தாதுண்,POLLEN_EAT"
"வண்டினும்,THAN_BEES"
"பலரே,MANY"
"ஓதி,HAIR"
"ஒண்ணுதல்,BRIGHT_FOREHEAD"
"பசப்பித்,PALE"
"தோரே,?"
"கன்னி,?"
"விடியல்,DAWN"
"கணக்கால்,?"
"ஆம்பல்,AMPA_LILY"
"தாமரை,LOTUS"
"போல,LIKE"
"மலரும்,BLOOMS"
"ஊர,OH_CHIEFTAIN"
"பேணாளோ,NOT_CHERISH"
"நின்,YOUR"
"பெண்டே,WIFE"
"யாந்தன்,WE"
"அடங்கவும்,SUBMIT"
"தான்,HE"
"அடங்கலளே,NOT_SUBMIT"
"கண்டனெம்,SAW"
"அல்லமோ,NOT"
"மகிழ்ந,HUSBAND"
"நின்,YOUR"
"பெண்டே,WIFE"
"பலராடு,MANY_DANCE"
"பெருந்துரை,GREAT_POOL"
"மலரொடு,WITH_FLOWER"
"வந்த,CAME"
"தண்புனல்,COOL_WATER"
"வண்டல்,?"
"உய்த்தென,DRIVEN"
"உண்கண்,PAINTED_EYE"
"சிவப்ப,RED"
"அழுது,CRYING"
"நின்றோளே,STOOD"
"பழனப்,MEADOW"
"பன்மீன்,MANY_FISH"
"அருந்த,EAT"
"நாரை,STORK"
"கழனி,FIELD"
"மருதின்,MARUTHAM_TREE"
"சென்னிச்,HEAD"
"சேக்கும்,REST"
"மாநீர்ப்,GREAT_WATER"
"பொய்கை,POND"
"யாணர்,RENEWAL"
"ஊர,OH_CHIEFTAIN"
"தூயர்,PURE"
"நறியர்,FRAGRANT"
"நின்,YOUR"
"பெண்டிர்,WOMEN"
"பேஎய்,DEMON"
"அனையம்யாம்,LIKE_US"
"சேய்பயந்தனமே,?"
"சூதார்,GAMBLER"
"குறுந்தொடிச்,SHORT_BANGLE"
"சூரமை,?"
"நுடக்கத்து,?"
"நின்வெம்,YOUR_HOT"
"காதலி,LOVER"
"தழீஇ,EMBRACE"
"நெருநை,YESTERDAY"
"ஆடினை,PLAYED"
"என்ப,SAY"
"புனலே,WATER"
"அலரே,GOSSIP"
"மறைத்தல்,HIDING"
"ஒல்லுமோ,POSSIBLE"
"மகிழ்ந,HUSBAND"
"புதைத்தல்,BURYING"
"ஒல்லுமோ,POSSIBLE"
"ஞாயிற்றது,SUN"
"ஒளியே,LIGHT"
"வயல்,FIELD"
"மலர்,FLOWER"
"ஆம்பல்,AMPA_LILY"
"கயில்,?"
"அமை,?"
"நுடங்குதலைத்,WAVING_HEAD"
"திதலை,FRECKLE"
"அல்குல்,WAIST"
"துயல்வரும்,WAVING"
"கூந்தல்,HAIR"
"குவளை,KUVALAI"
"உண்கன்,?"
"ஏஎர்,BEAUTY"
"மெல்லியல்,SOFT_NATURE"
"மலரார்,FLOWER_FILLED"
"மலிர்நிறை,FULL"
"வந்தென,CAME"
"புனலாடு,WATER_BATHER"
"புணர்துனை,?"
"ஆயினள்,BECAME"
"எமக்கே,FOR_US"
"வண்ண,COLORED"
"ஒந்தழை,?"
"நுடங்க,WAVE"
"வால்இழை,WHITE_JEWEL"
"ஒண்ணுதல்,BRIGHT_FOREHEAD"
"அரிவை,WOMAN"
"பண்ணை,?"
"பாய்ந்தென,LEAPED"
"கள்,HONEY"
"நறுங்,FRAGRANT"
"குவளை,KUVALAI"
"நாறி,SMELLING"
"தண்ணென்றிசினே,COOL_BECAME"
"பெருந்துறைப்,GREAT_GHAT"
"புனவே,WATER"
"விசும்பிழி,SKY_FALL"
"தோகை,PEACOCK"
"சீர்போன்றிசினே,LIKE_FEATHER"
"பசும்பொன்,FRESH_GOLD"
"அவிரிழை,SHINING_JEWEL"
"பைய,SLOWLY"
"நிழற்ற,SHADE"
"கரைசேர்,SHORE_JOINED"
"மருதம்,MARUTHAM_TREE"
"ஏறி,CLIMBING"
"பண்ணை,?"
"பாய்வோள்,LEAPING_WOMAN"
"தண்ணறுங்,COOL_FRAGRANT"
"கதுப்பே,HAIR"
"பலர்,MANY"
"இவண்,HERE"
"ஒவ்வாய்,NOT_EQUAL"
"மகிழ்ந,HUSBAND"
"அதனால்,THEREFORE"
"அலர்தொடங்கின்றால்,GOSSIP_STARTED"
"ஊரே,VILLAGE"
"மலர,BLOOM"
"தொன்னிலை,ANCIENT_STATE"
"மருதத்துப்,MARUTHAM_TREE"
"பெருந்துறை,GREAT_GHAT"
"நின்னோடு,WITH_YOU"
"ஆடினள்,PLAYED"
"தண்புனல்,COOL_WATER"
"அதுவே,THAT"
"பஞ்சாய்க்,COTTON"
"கூந்தல்,HAIR"
"பசுமலர்ச்,FRESH_FLOWER"
"சுணங்கின்,FRECKLE"
"தண்புணல்,COOL_WATER"
"ஆடித்தல்,BATHING"
"நல்ம்மேம்பட்டனள்,?"
"ஒள்தொடி,BRIGHT_BANGLE"
"மடவரால்,GENTLE"
"நின்னோடு,WITH_YOU"
"அந்தர,?"
"மகளிர்க்குத்,TO_WOMEN"
"தெய்வமும்,GODDESS"
"போன்றே,LIKE"
"அம்ம,AH"
"வாழியோ,LONG_LIVE"
"மகிழ்ந,HUSBAND"
"நின்,YOUR"
"மொழிவல்,WILL_SPEAK"
"பேரூர்,GREAT_VILLAGE"
"அலர்எழ,GOSSIP_RISE"
"நீரலை,WAVE"
"கலங்கி,CONFUSED"
"நின்னொடு,WITH_YOU"
"தண்புணல்,COOL_WATER"
"ஆடுதும்,WILL_BATHE"
"எம்மோடு,WITH_US"
"சென்மோ,GO"
"செல்லல்,GO"
"நின்,YOUR"
"மனையே,HOUSE"
"கதிரிலை,RAY_LEAF"
"நெடுவேல்,LONG_SPEAR"
"கடுமான்,FAST_HORSE"
"கிள்ளி,KILLI"
"மதில்கொல்,WALL_KILL"
"யானையின்,ELEPHANT"
"கதழ்புநெறி,FAST_PATH"
"வந்த,CAME"
"சிறையழி,WING_LOST"
"புதுப்புனல்,NEW_WATER"
"ஆடுகம்,WILL_BATHE"
"எம்மொடு,WITH_US"
"கொண்மோ,BRING"
"எம்,OUR"
"தோள்புரை,SHOULDER_LIKE"
"புனையே,?"
"புதுப்புனல்,NEW_WATER"
"ஆடி,BATHING"
"அமர்த்த,PLEASED"
"கண்ணள்,EYE"
"யார்மகள்,WHOSE_DAUGHTER"
"இவளென,THIS"
"பற்றிய,CAUGHT"
"மகிழ்ந,HUSBAND"
"யார்மகள்,WHOSE_DAUGHTER"
"ஆயினும்,EVEN_IF"
"அறியா,NOT_KNOWING"
"நீயார்,YOU_WHO"
"மகனை,SON"
"எம்,OUR"
"பற்றியோயே,CAUGHT"
"புலக்குவேம்,WILL_BE_ANGRY"
"அல்லேם,NOT"
"பொய்யாது,TRUTHFULLY"
"உரைமோ,SPEAK"
"நலத்தகு,GOOD_NATURE"
"மகளிர்க்குத்,TO_WOMEN"
"தோள்துணை,SHOULDER_HELP"
"யாகி,BEING"
"தலைப்பெயல்,HEAD_RAIN"
"செம்புனல்,RED_WATER"
"ஆடி,BATHING"
"தவ,?"
"நனி,VERY"
"சிவந்தன,TURNED_RED"
"மகிழ்ந,HUSBAND"
"நின்,YOUR"
"கண்ணே,EYES"
"குருகு,HERON"
"உடைத்,HAVING"
"தூண்ட,?"
"வெள்,WHITE"
"அகட்டு,?"
"யாமை,TURTLE"
"அரிப்பறை,?"
"வினைஞர்,WORKERS"
"அல்குமிசை,?"
"கூட்டும்,JOINS"
"மலரணி,FLOWER_ORNAMENT"
"வாயில்,DOOR"
"பொய்கை,POND"
"ஊரநீ,CHIEFTAIN_YOU"
"என்னை,ME"
"நயந்தனென்,LOVED"
"என்ற,SAID"
"நின்,YOUR"
"மனையோள்,WIFE"
"கேட்கின்,IF_HEARS"
"வருந்துவள்,WILL_SUFFER"
"பெரிதே,GREATLY"
"வெகுண்டனள்,ANGRY"
"என்ப,SAY"
"பாணநின்,BARD_YOUR"
"தலைமகள்,WOMAN"
"மகிழ்நன்,HUSBAND"
"மார்பின்,CHEST"
"அவிழினர்,?"
"நறுந்தார்,SWEET_GARLAND"
"தாதுண்,POLLEN_EAT"
"பறவை,BIRD"
"வந்து,COME"
"எம்,OUR"
"போதார்,FLOWER_FILLED"
"கூந்தல்,HAIR"
"இருந்தன,SAT"
"எனவே,SAYING"
"மணந்தனை,JOINED"
"அருளாய்,NOT_GRACE"
"ஆயினும்,EVEN_IF"
"பையத்,SLOWLY"
"தணந்தனை,LEFT"
"யாகி,BEING"
"உய்ம்மோ,LIVE"
"நும்மூர்,YOUR_VILLAGE"
"ஒண்தொடி,BRIGHT_BANGLE"
"முன்கை,FOREARM"
"ஆயமும்,TROOP"
"தண்துறை,COOL_GHAT"
"யூரன்,CHIEFTAIN"
"பண்டென,OLD_SAY"
"படற்கே,FOR_FAME"
"செவியிற்,EAR"
"கேட்பினும்,EVEN_IF_HEAR"
"சொல்லிறந்து,WORD_EXCEED"
"வெகுள்வோள்,ANGRY_WOMAN"
"கண்ணிற்,EYE"
"காணின்,IF_SEE"
"எனாகுவள்கொல்,WILL_SAY"
"நறுவீ,SWEET_FLOWER"
"ஐம்பால்,FIVE_HAIR"
"மகளிர்,WOMEN"
"ஆடும்,DANCE"
"தைஇத்,?"
"தண்கயம்,COOL_TANK"
"போல,LIKE"
"பலர்படிந்து,MANY_BOW"
"உண்ணுநின்,EAT_YOUR"
"பரத்தை,MISTRESS"
"மார்பே,CHEST"
"வெண்நுதல்,WHITE_FOREHEAD"
"கம்புள்,?"
"அரிக்குரல்,SOUNDING_VOICE"
"பேடை,FEMALE"
"தண்நறும்,COOL_FRAGRANT"
"பழனத்து,MEADOW"
"கிளையோடு,WITH_HERD"
"ஆலும்,?"
"மறுவில்,FLAWLESS"
"யானர்மலிகேழ்,?"
"ஊரநீ,CHIEFTAIN_YOU"
"சிறுவரின்,LIKE_CHILDREN"
"இனைய,GRIEVE"
"செய்தி,DEED"
"நகாரோ,WILL_LAUGH"
"பெரும,LORD"
"நின்,YOUR"
"கண்டிசிணோரே,THOSE_WHO_SEE"
"வெண்தலைக்,WHITE_HEAD"
"குருகின்,HERON"
"மென்பறை,SOFT_DRUM"
"விளிக்குறல்,SOUND"
"நீள்வயல்,LONG_FIELD"
"நண்ணி,REACHING"
"இமிழும்,RESOUND"
"ஊர,OH_CHIEFTAIN"
"எம்,WE"
"இவன்,HE"
"நல்குதல்,GIVING"
"அரிது,DIFFICULT"
"நும்மனை,YOUR_HOUSE"
"மடந்தையொடு,WITH_WOMAN"
"தலைப்பெய்தீமே,MAY_YOU_MEET"
"பகன்றைக்,PAKANRAI"
"கண்ணி,GARLAND"
"பல்ஆன்,MANY_COWS"
"கோவலர்,COWHERDS"
"கரும்பு,SUGARCANE"
"குணிலா,?"
"மாங்கனி,MANGO_FRUIT"
"உதிர்க்கும்,SHEDS"
"யாணர்,RENEWAL"
"ஊரைநின்,CHIEFTAIN_YOUR"
"மனையோள்,WIFE"
"யாரையும்,ANYONE"
"புலக்கும்,BE_ANGRY"
"எம்மைமற்றெவனோ,US_WHAT_ELSE"
"வண்டுறை,BEE_RESIDENCE"
"நயவரும்,PLEASANT"
"வளமலர்ப்,RICH_FLOWER"
"பொய்கைத்,POND"
"தண்துறை,COOL_GHAT"
"யூரனை,CHIEFTAIN"
"எவ்வை,?"
"எம்வயின்,US"
"வருதல்,COMING"
"வேண்டுதும்,WANT"
"என்ப,SAY"
"தொல்லேம்போல்,LIKE_OLD_US"
"யாம்,WE"
"அதுவேண்டுதுமே,THAT_WANT"
"அம்மவாழி,AH_LONG_LIVE"
"பாண,OH_BARD"
"எவ்வைக்கு,?"
"எவன்,WHAT"
"பெரிது,GREAT"
"அளிக்கும்,GIVES"
"என்ப,SAY"
"பழனத்து,MEADOW"
"வண்டு,BEE"
"தாதூதும்,POLLEN_SUCK"
"ஊரன்,CHIEFTAIN"
"பெண்டென,WOMAN_SAY"
"விரும்பின்று,NOT_DESIRE"
"அவள்தன்,HER"
"பண்பே,NATURE"
"மகிழ்நன்,HUSBAND"
"மாண்குணம்,GOOD_QUALITY"
"வண்டு,BEE"
"கொண்டனகொல்,TOOK"
"வண்டின்,OF_BEE"
"மாண்குணம்,GOOD_QUALITY"
"மகிழ்நன்,HUSBAND"
"கொண்டான்கொல்,TOOK"
"அன்ன,SUCH"
"தாகலும்,BEING"
"அறியாள்,NOT_KNOWING"
"எம்மொடு,WITH_US"
"புலக்கும்,BE_ANGRY"
"அவன்,HIS"
"புதல்வன்,SON"
"தாயே,MOTHER"
"நெறிமருப்பு,STRAIGHT_TUSK"
"எருமை,BUFFALO"
"நீலைரும்,?"
"போத்து,MALE"
"வெறிமலர்ப்,FRAGRANT_FLOWER"
"பொய்கை,POND"
"ஆம்பல்,AMPA_LILY"
"மயக்கும்,MIXES"
"கழனி,FIELD"
"யூரன்,CHIEFTAIN"
"மகளிவள்,DAUGHTER"
"பழன,MEADOW"
"வெதிரின்,BAMBOO"
"கொடிப்பிணையலளே,CREEPER_GARLAND_SHE"
"கருங்கோட்டு,BLACK_BRANCH"
"எருமை,BUFFALO"
"செங்கண்,RED_EYE"
"புனிற்றுஆக்,?"
"காதற்,LOVING"
"குழவிக்கு,TO_CALF"
"ஊறு,FLOW"
"முலை,BREAST"
"மடுக்கும்,GIVES"
"நுந்தை,YOUR_FATHER"
"நும்மூர்,YOUR_VILLAGE"
"வருதும்,WILL_COME"
"ஒண்தொடி,BRIGHT_BANGLE"
"மடந்தை,LADY"
"நின்னையாம்,YOU_WE"
"பெறினே,IF_GET"
"எருமைநல்,GOOD_BUFFALO"
"ஏற்றினம்,BULL_HERD"
"மேயல்,GRAZING"
"அருந்தென,DIFFICULT"
"பசுமோ,?"
"ரோடமோடு,?"
"ஆம்பல்,AMPA_LILY"
"ஒல்லா,?"
"செய்த,MADE"
"இனைய,GRIEVE"
"மன்ற,INDEED"
"பல்பொழில்,MANY_GROVES"
"தாதுண,POLLEN_EAT"
"வெறுக்கைய,WEALTH"
"ஆகி,BEING"
"இவள்,SHE"
"போதவிழ்,FLOWER_BLOOM"
"முச்சி,?"
"யூதும்,BLOWS"
"வண்டே,BEE"
"மள்ளர்,WARRIORS"
"அன்ன,LIKE"
"தடங்கோட்டு,BROAD_TUSKED"
"எருமை,BUFFALO"
"மகளிர்,WOMEN"
"அன்ன,LIKE"
"துணையோடு,WITH_MATE"
"வதியும்,LIVES"
"நிழல்முதிர்,SHADE_RICH"
"இலஞ்சிப்,?"
"பழனத்ததுவே,MEADOW"
"கழனித்,FIELD"
"தாமரை,LOTUS"
"மலரும்,BLOOMS"
"கவின்பெறு,BEAUTIFUL"
"சுடர்நூதல்,?"
"தந்தை,FATHER"
"ஊரே,VILLAGE"
"கருங்கோட்டு,BLACK_BRANCH"
"எருமை,BUFFALO"
"கயிறுபரிந்து,ROPE"
"அசைஇ,RESTING"
"நெடுங்கதிர்,LONG_EAR"
"நெல்லின்,RICE"
"நாள்மேயல்,DAY_GRAZING"
"ஆரும்,EAT"
"புனல்முற்,WATER_FRONT"
"றூரன்,CHIEFTAIN"
"பகலும்,DAY"
"படர்மலி,GRIEF_FILLED"
"அருநோய்,DIFFICULT_SICKNESS"
"செய்தனன்,DID"
"எமக்கே,FOR_US"
"அணிநடை,BEAUTIFUL_WALK"
"எருமை,BUFFALO"
"ஆடிய,BATHED"
"அள்ளல்,MUD"
"மணிநிற,GEM_COLOR"
"நெய்தல்,NEYDAL_LILY"
"ஆமபலொடு,WITH_AMPA"
"கலிக்கும்,ABOUNDS"
"கழனி,FIELD"
"யூரன்,CHIEFTAIN"
"மகளிவள்,DAUGHTER"
"பழன்,FRUIT"
"ஊரன்,CHIEFTAIN"
"பாயல்,SLEEP"
"இன்துணையே,SWEET_COMPANION"
"பகன்றை,PAKANRAI"
"வான்மலர்,WHITE_FLOWER"
"மிடைந்த,ABUNDANT"
"கோட்டை,TUSK"
"கருந்தாள்,DARK_LEG"
"எருமைக்,BUFFALO"
"கன்று,CALF"
"வெரூஉம்,FEARS"
"பொய்கை,POND"
"யூரன்,CHIEFTAIN"
"மகளிவள்,DAUGHTER"
"பொய்கைப்,POND"
"பூவினும்,THAN_FLOWER"
"நறுந்தண்ணியளே,FRAGRANT_COOL_SHE"
"தண்புணல்,COOL_WATER"
"ஆடும்,BATHES"
"தடங்கோட்டு,BROAD_TUSKED"
"எருமை,BUFFALO"
"திண்பிணி,STRONG_BINDING"
"அம்பியின்,?"
"தோன்றும்,APPEARS"
"ஊர,OH_CHIEFTAIN"
"ஒண்டொடி,BRIGHT_BANGLE"
"மடமகள்,GENTLE_DAUGHTER"
"இவளினும்,THAN_HER"
"நுந்தையும்,YOUR_FATHER"
"யாயும்,MOTHER"
"துடியரோ,?"
"நின்னே,YOU"
"பழனப்,MEADOW"
"பாகல்,PAAGAL"
"முயிறுமூசு,?"
"குடம்பை,NEST"
"கழனி,FIELD"
"யெருமை,BUFFALO"
"கதிரொடு,WITH_EAR"
"மயக்கும்,MIXES"
"பூக்க,FLOWER"
"அஞல்,?"
"யூரன்,CHIEFTAIN"
"மகளிவள்,DAUGHTER"
"நோய்க்கு,TO_SICKNESS"
"மருந்து,MEDICINE"
"தாகிய,BECAME"
"பணைத்தோளோளே,DRUM_SHOULDER_SHE"
"புனலாடு,WATER_BATHER"
"மகளிர்,WOMEN"
"இட்ட,PLACED"
"ஒள்ளிழை,BRIGHT_JEWEL"
"மணலாடு,SAND_PLAY"
"சிமையத்து,?"
"எருமை,BUFFALO"
"கிளைக்கும்,?"
"யாணர்,RENEWAL"
"யூரன்,CHIEFTAIN"
"மகளிவள்,DAUGHTER"
"பாணர்,BARDS"
"நரம்பினும்,THAN_STRING"
"இன்கிளவியளே,SWEET_WORDS_SHE"
"அன்னை,MOTHER"
"வாழிவேண்,LONG_LIVE_QUEEN"
"டன்னை,?"
"உதுக்காண்,LOOK"
"ஏர்கொடிப்,PLOUGH_FLAG"
"பாசடும்பு,?"
"பரிய,RIP"
"ஊர்பு,?"
"இழிபு,?"
"நெய்தல்,NEYDAL_LILY"
"மயக்கி,CONFUSE"
"வந்தன்று,CAME"
"நின்மகள்,YOUR_DAUGHTER"
"பூப்போல்,FLOWER_LIKE"
"உண்கண்,PAINTED_EYE"
"மரீஇய,ACCEPTED"
"நோய்க்கு,TO_SICKNESS"
"மருந்து,MEDICINE"
"தாகிய,BECAME"
"கொண்கன்,HUSBAND"
"தேரே,CHARIOT"
"நம்மூர்,OUR_VILLAGE"
"நீல்நிற,BLUE_COLOR"
"பெருங்கடல்,GREAT_SEA"
"புள்ளின்,BIRDS"
"ஆனாது,CEASELESS"
"துன்புறு,DISTRESS"
"துயரம்,SORROW"
"நீங்க,LEAVE"
"இன்புற,PLEASURE"
"இசைக்கும்,SOUNDS"
"அவர்தேர்மணிக்குரலே,THEIR_CHARIOT_BELL_SOUND"
"புன்னையொடு,WITH_PUNNAI"
"ஞாழல்,NYAZHAL_TREE"
"பூக்கும்,BLOOMS"
"தண்ணந்துறைவன்,COOL_GHAT_LORD"
"இவட்கு,FOR_HER"
"அமைந்தனனால்,BECAME_FITTING"
"தானே,HE"
"தனக்கு,FOR_HIM"
"அமைந்ததன்று,FITTING"
"இவள்,SHE"
"மாமை,DARK_BEAUTY"
"கவினே,BEAUTY"
"வழிவேண்,?"
"நம்மூர்ப்,OUR_VILLAGE"
"பலர்மடி,?"
"பொழுதின்,TIME"
"நலம்மிக,BEAUTY_MUCH"
"சாஅய்,DIE"
"நள்ளென,SLOWLY"
"வந்த,CAME"
"இயல்தேர்ச்,CHARIOT"
"செல்வக்,WEALTHY"
"கொண்கன்,HUSBAND"
"செல்வன·தூரே,?"
"முழங்குகடல்,ROARING_SEA"
"திரைதரு,WAVE_GIVE"
"முத்தம்,PEARL"
"வெண்மணல்,WHITE_SAND"
"இமைக்கும்,TWINKLES"
"தணந்துறைவன்,COOL_GHAT_LORD"
"வந்தென,CAME"
"பொன்னினும்,THAN_GOLD"
"சிவந்தன்று,TURNED_RED"
"கண்டிசின்,SEE"
"நூதலே,?"
"அவர்நாட்டுத்,THEIR_LAND"
"துதிக்கால்,?"
"அன்னம்,SWAN"
"துணை,COMPANION"
"செத்து,?"
"மிதிக்கும்,TREADS"
"தன்கடல்,HIS_SEA"
"வளையினும்,THAN_BANGLE"
"இலங்கும்,SHINES"
"இவள்,SHE"
"அம்கலிழ்,?"
"ஆகம்,CHEST"
"கண்டிசின்,SEE"
"நினைந்தே,THINKING"
"என்,MY"
"தோழி,FRIEND"
"சுடர்நுதல்,SHINING_FOREHEAD"
"பசப்ப,PALE"
"சாஅய்,DIE"
"படர்,GRIEF"
"மெலிந்து,THIN"
"தண்கடல்,COOL_SEA"
"படுதிரை,FALLING_WAVE"
"கேட்டொறும்,EVERY_HEARING"
"துஞ்சாள்,NOT_SLEEP"
"ஆகுதல்,BEING"
"நோகோயானே,GRIEVE_I"
"கழிய,?"
"முண்டக,MUNDAGAM"
"மலரும்,BLOOMS"
"தண்கடற்,COOL_SEA"
"சேர்ப்பன்,CHIEFTAIN"
"எந்தோள்,MY_SHOULDER"
"துறந்தனன்,LEFT"
"ஆயின்,IF"
"எவன்கொல்,WHY"
"மற்றவன்,THAT_HE"
"நயந்த,LOVED"
"தோளே,SHOULDER"
"நெய்தல்,NEYDAL_LILY"
"நீர்ப்படர்,WATER_SPREAD"
"தூம்பின்,HOLLOW"
"பூக்கெழு,FLOWER_HAVING"
"துறைவன்,GHAT_LORD"
"எந்தோள்,MY_SHOULDER"
"துறந்த,LEFT"
"காலை,TIME"
"எவன்கொல்,WHY"
"பன்னாள்,MANY_DAYS"
"வரும்அவன்,WILL_COME_HE"
"அளித்த,GAVE"
"போழ்தே,TIME"
"புன்னை,PUNNAI_TREE"
"பொன்னிறம்,GOLD_COLOR"
"விரியும்,SPREADS"
"பூக்கெழு,FLOWER_HAVING"
"துறைவனை,GHAT_LORD"
"என்னை,ME"
"என்றும்,EVER"
"யாமே,WE"
"இவ்வூர்,THIS_VILLAGE"
"பிற,OTHER"
"தொன்றாக,?"
"கூறும்,SAY"
"ஆங்கும்,THERE"
"ஆக்குமோ,WILL_MAKE"
"வழியபாலே,?"
"அம்ம,AH"
"தோழி,FRIEND"
"பாணன்,BARD"
"சூழ்கழி,SURROUNDED_BACKWATER"
"மருங்கின்,SIDE"
"நாண்,STRING"
"இரை,PREY"
"கொளீஇ,TAKING"
"சினைக்கயல்,?"
"மாய்க்கும்,DESTROYS"
"துறைவன்,GHAT_LORD"
"கேண்மை,FRIENDSHIP"
"பிரிந்தும்,SEPARATING"
"வாழ்துமோ,WILL_WE_LIVE"
"நாமே,WE"
"அருந்தவம்,DIFFICULT_PENANCE"
"முயறல்,PRACTICE"
"ஆற்றாதேமே,NOT_ABLE"
"பாசிலை,TENDER_LEAF"
"செருந்தி,CERUNDHI"
"தாய,?"
"இருங்கழிச்,GREAT_BACKWATER"
"சேர்ப்பன்,CHIEFTAIN"
"தான்,HE"
"வர,COME"
"காண்குவம்,WILL_SEE"
"நாமே,WE"
"மற்ந்தோம்,?"
"மன்ற,INDEED"
"நாணுடை,SHAME_HAVING"
"நெஞ்சே,HEART"
"நென்னல்,?"
"ஓங்குதிரை,HIGH_WAVE"
"வெண்மணல்,WHITE_SAND"
"உடைக்கும்,BREAKS"
"துறைவற்கு,TO_GHAT_LORD"
"ஊரார்,VILLAGERS"
"பெண்டென,WOMAN_SAY"
"மொழிய,SPEAK"
"என்னை,ME"
"அது,THAT"
"கேட்டன்னாய்,HEARD"
"என்றனள்,SAID"
"அன்னை,MOTHER"
"பைபய,SLOWLY"
"வெம்மை,HEAT"
"என்றனென்,SAID"
"யானே,I"
"கொண்கன்,HUSBAND"
"நேரேம்,WE_ARE_NOT_EQUAL"
"ஆயினும்,EVEN_IF"
"செல்குவம்கொல்லோ,WILL_WE_GO"
"கடலின்,SEA"
"நாரை,STORK"
"இரற்றும்,SOUND"
"மடலம்,?"
"பெண்ணை,PALMYRA"
"அவனுடை,HIS"
"நாட்டே,COUNTRY"
"பன்மாண்,MANY_GOOD"
"நுண்மணல்,FINE_SAND"
"அடைகரை,SHORE"
"நம்மோடு,WITH_US"
"ஆடிய,PLAYED"
"தண்ணந்துறைவன்,COOL_GHAT_LORD"
"மறைஇ,HIDING"
"அன்னை,MOTHER"
"அருங்கடி,DIFFICULT_FENCE"
"வந்துநின்றோனே,CAME_STOOD"
"நாம்,WE"
"அழ,CRY"
"நீல,BLUE"
"இருங்கழி,GREAT_BACKWATER"
"நீலம்,BLUE_LILY"
"கூம்பு,BUD"
"மாலை,EVENING"
"வந்தன்று,CAME"
"மன்ற,INDEED"
"காலை,DAY"
"யன்ன,LIKE"
"காலை,SEASON"
"முந்துறுத்தே,?"
"நலனே,BEAUTY"
"இன்ன,SUCH"
"தாகுதல்,BEING"
"கொடிதே,CRUEL"
"புன்னை,PUNNAI_TREE"
"யணிமலர்,BEAUTIFUL_FLOWER"
"துறைதொறும்,EVERY_GHAT"
"வரிக்கும்,DRAWS"
"மணிநீர்ச்,GEM_WATER"
"சேர்ப்பனை,CHIEFTAIN"
"மறவாதோர்க்கே,NOT_FORGETTING"
"யான்,I"
"இன்று,TODAY"
"அறனிலாளன்,UNRIGHTEOUS"
"கண்ட,SAW"
"பொழுதில்,TIME"
"சினவுவென்,WILL_GET_ANGRY"
"தகைக்குறவன்,?"
"சென்றனென்,I_WENT"
"பின்,AFTER"
"நினைந்து,THINKING"
"இரங்கி,GRIEVING"
"பெயர்தந்தேனே,RETURNED"
"நன்றும்,GOOD"
"எய்யாமையின்,?"
"ஏதில,STRANGE"
"பற்றி,TAKING"
"அன்பிலன்,LOVELESS"
"மன்ற,INDEED"
"பெரிதே,GREATLY"
"மென்புலக்,SOFT_LAND"
"கொண்கன்,HUSBAND"
"வாராதோனே,NOT_COME"
"நலமிக,GOOD_MUCH"
"நல்ல,GOOD"
"ஆயின,BECAME"
"அளிய,ALAS"
"மெல்தோளே,SOFT_SHOULDER"
"மல்லல்,RICH"
"இருங்கழி,GREAT_BACKWATER"
"நீரறல்,WATER_DRY"
"விரியும்,SPREADS"
"மெல்லம்புலம்பன்,SOFT_LAND_LORD"
"வந்த,COME"
"மாறே,WAY"
"கண்டிகும்,WILL_WE_SEE"
"அல்லமோ,NOT"
"கொண்க,HUSBAND"
"நின்,YOUR"
"கேளே,RELATIVE"
"முண்டக,MUNDAGAM"
"கோதை,GARLAND"
"நனைய,WET"
"தெண்டிரை,SOUTH_WAVE"
"பௌவம்,OCEAN"
"பாய்ந்து,LEAPING"
"நின்றோளே,STOOD"
"ஒள்ளிழை,BRIGHT_JEWEL"
"உயர்மணல்,HIGH_SAND"
"வீழ்ந்தென,FALL"
"வெள்ளாங்,WHITE"
"குருகை,HERON"
"வினைவுவோளே,?"
"ஒண்ணுதல்,BRIGHT_FOREHEAD"
"ஆயம்,TROOP"
"ஆர்ப்ப,SHOUT"
"தண்ணென்,COOL"
"பெருங்கடல்,GREAT_SEA"
"திரை,WAVE"
"பாய்வோளே,LEAPING"
"வண்டற்,?"
"பாவை,DOLL"
"வெளவலின்,STEALING"
"நுண்பொடி,FINE_DUST"
"அளைஇ,MIXING"
"கடல்,SEA"
"தூர்ப்போளே,?"
"தெண்டிரை,SOUTH_WAVE"
"பாவை,DOLL"
"வெளவ,STEAL"
"ஊண்கண்,?"
"சிவப்ப,RED"
"அழுது,CRYING"
"நின்றோளே,STOOD"
"யுண்கண்,?"
"வண்டினம்,BEES"
"மொய்ப்ப,SWARM"
"தெண்கடற்,CLEAR_SEA"
"பெருந்திரை,GREAT_WAVE"
"மூழ்குவோளே,DIVES"
"தும்பை,THUMBA_FLOWER"
"மாலை,GARLAND"
"இளமுலை,YOUNG_BREAST"
"நுண்பூண்,FINE_ORNAMENT"
"ஆகம்,CHEST"
"விலங்குவோளே,?"
"உறாஅ,NOT_FEELING"
"வறுமுலை,DRY_BREAST"
"மடாஅ,?"
"உண்ணாப்,NOT_EATING"
"பாவையை,DOLL"
"ஊட்டுவோளே,FEEDS"
"நன்றே,GOOD"
"பாண,OH_BARD"
"கொண்கனது,HUSBAND"
"நட்பே,FRIENDSHIP"
"தில்லை,?"
"வேலி,FENCE"
"இவ்வூர்க்,THIS_VILLAGE"
"கல்லென்,NOISY"
"கௌவை,GOSSIP"
"எழாஅ,NOT_RISE"
"க்காலே,TIME"
"அம்ம,AH"
"பாண,OH_BARD"
"புன்னை,PUNNAI_TREE"
"அரும்புமலி,BUD_FILLED"
"கானல்,GROVE"
"இவ்வூர்,THIS_VILLAGE"
"அலராகின்று,GOSSIP_BECOMES"
"அவர்,THEIR"
"அருளுமாறே,GRACE_WAY"
"யான்,I"
"எவன்,WHAT"
"செய்கோ,DO"
"பாண,OH_BARD"
"ஆனாது,CEASELESS"
"மெல்லம்,SOFT"
"புலம்பன்,LORD"
"பிரிந்தென,LEFT"
"புல்லென்றன,PALE_BECAME"
"என்,MY"
"புரிவளைத்,TWISTED_BANGLE"
"தோளே,SHOULDER"
"காண்மதி,SEE"
"பாண,OH_BARD"
"இருங்கழிப்,GREAT_BACKWATER"
"பாய்பரி,LEAPING_HORSE"
"நெடுந்தேர்க்,LONG_CHARIOT"
"கொண்கனோடு,WITH_HUSBAND"
"தான்,SHE"
"வந்தன்று,CAME"
"என்,MY"
"மாமை,DARK_BEAUTY"
"கவினே,BEAUTY"
"பைதலம்,?"
"அல்லேம்,NOT"
"பாண,OH_BARD"
"பணைத்தோள்,DRUM_SHOULDER"
"ஐதுஅமைந்து,SLENDER"
"அகன்ற,BROAD"
"அல்குல்,WAIST"
"நெய்தலம்,NEYDAL"
"கண்ணியை,GARLANDED_ONE"
"நேர்தல்,MEETING"
"நாம்,WE"
"பெறினே,IF_GET"
"நாணிலை,SHAMELESS"
"மன்ற,INDEED"
"பாண,OH_BARD"
"நீயே,YOU"
"கோண்ஏர்,?"
"இலங்குவளை,SHINING_BANGLE"
"நெகிழ்த்த,LOOSENED"
"கானலம்,GROVE"
"துறைவற்கு,TO_GHAT_LORD"
"சொல்உகுப்போயே,SPREAD_WORDS"
"நின்னொன்று,YOUR_ONE"
"வினவுவல்,WILL_ASK"
"பாண,OH_BARD"
"நும்மூர்த்,YOUR_VILLAGE"
"திண்தேர்க்,STRONG_CHARIOT"
"கொண்கனை,HUSBAND"
"நய்ந்தோர்,LOVED"
"பண்டைத்,OLD"
"நலம்,BEAUTY"
"பெறுபவோ,WILL_THEY_GET"
"பண்பிலை,CHARACTERLESS"
"மன்ற,INDEED"
"பாண,OH_BARD"
"இவ்வூர்,THIS_VILLAGE"
"அன்பில,LOVELESS"
"கடிய,?"
"கழறி,?"
"மென்புலக்,SOFT_LAND"
"கொண்கனை,HUSBAND"
"தாராதோயே,NOT_GIVING"
"அம்ம,AH"
"வாழி,LONG_LIVE"
"கொண்க,OH_HUSBAND"
"எம்வயின்,US"
"மாண்நலம்,EXCELLENT_BEAUTY"
"மருட்டும்,CONFUSES"
"நின்னினும்,THAN_YOU"
"பாணன்,BARD"
"நல்லோர்,GOOD_PEOPLE"
"நலம்,BEAUTY"
"சிதைக்கும்மே,DESTROYS"
"காண்மதி,SEE"
"பாணநீ,BARD_YOU"
"உரைத்தற்,SPEAKING"
"குரிகை,?"
"துறைகெழு,GHAT_HAVING"
"கொண்கன்,HUSBAND"
"பிரிந்தென,LEFT"
"விறைகேழ்,?"
"எல்வளை,SHINING_BANGLE"
"நீங்கிய,LEFT"
"நிலையே,STATE"
"எக்கர்,SAND_DUNE"
"ஞாழல்,NYAZHAL_TREE"
"செருந்தியொடு,WITH_CERUNDHI"
"கமழ,FRAGRANT"
"துவலை,SPRAY"
"தண்துளி,COOL_DROP"
"வீசி,SPRINKLING"
"பயலை,?"
"செய்தன,MADE"
"பனிபடு,DEW_FALL"
"துறையே,GHAT"
"எக்கர்,SAND_DUNE"
"ஞாழல்,NYAZHAL_TREE"
"இறங்கு,DESCENDING"
"இணர்ப்,CLUSTER"
"படுசினை,FALLING_BRANCH"
"புள்,BIRD"
"இறை,?"
"கூரும்,INCREASE"
"துறைவனை,GHAT_LORD"
"உள்ளேன்,NOT_THINKING"
"தொழி,?"
"படீஇயர்,?"
"என்,MY"
"கண்ணே,EYES"
"எக்கர்,SAND_DUNE"
"ஞாழல்,NYAZHAL_TREE"
"புள்ளிமிழ்,?"
"அகன்துறை,WIDE_GHAT"
"இனிய,SWEET"
"செய்த,MADE"
"நின்று,STANDING"
"பின்,AFTER"
"முனிவு,ANGER"
"செய்த,DID"
"இவள்,SHE"
"தடமெல்,BROAD_SOFT"
"தோளே,SHOULDER"
"எக்கர்,SAND_DUNE"
"ஞாழல்,NYAZHAL_TREE"
"இணர்படு,CLUSTER_FALL"
"பொதும்பர்த்,?"
"தனிக்குரு,?"
"உறங்கும்,SLEEPS"
"துறைவற்கு,TO_GHAT_LORD"
"இனி,NOW"
"பசந்தன்று,TURNED_PALE"
"என்,MY"
"மாமை,DARK_BEAUTY"
"கவினே,BEAUTY"
"எக்கர்,SAND_DUNE"
"ஞாழல்,NYAZHAL_TREE"
"சிறியிலை,SMALL_LEAF"
"பெருஞ்சினை,GREAT_BRANCH"
"ஓதம்,WAVE"
"வாங்கும்,DRAWS"
"துறைவன்,GHAT_LORD"
"மாயோள்,?"
"பசலை,PALLOR"
"நீக்கினன்,REMOVED"
"இனியே,NOW"
"எக்கர்,SAND_DUNE"
"ஞாழல்,NYAZHAL_TREE"
"அரும்புமுதிர்,BUD_RIPE"
"அவிழிணர்,BLOOM_CLUSTER"
"நறிய,FRAGRANT"
"கமழும்,SMELLS"
"துறைவற்கு,TO_GHAT_LORD"
"இனிய,SWEET"
"மன்ற,INDEED"
"என்,MY"
"மாமை,DARK_BEAUTY"
"கவினே,BEAUTY"
"எக்கர்,SAND_DUNE"
"ஞாழல்,NYAZHAL_TREE"
"மலரின்,FLOWER"
"மகளிர்,WOMEN"
"ஒள்தழை,BRIGHT_LEAF"
"அயரும்,PERFORM"
"துறைவன்,GHAT_LORD"
"தண்தழை,COOL_LEAF"
"விலையென,PRICE"
"நல்கினன்,GAVE"
"நாடே,COUNTRY"
"எக்கர்,SAND_DUNE"
"ஞாழல்,NYAZHAL_TREE"
"இகந்துபடு,?"
"பெருஞ்சினை,GREAT_BRANCH"
"வீ,FLOWER"
"இனிது,SWEET"
"கமழும்,SMELLS"
"துறைவனை,GHAT_LORD"
"நீ,YOU"
"இனிது,SWEET"
"முயங்குதி,EMBRACE"
"காதலோயே,LOVER"
"எக்கர்,SAND_DUNE"
"ஞாழல்,NYAZHAL_TREE"
"பூவின்,FLOWER"
"அன்ன,LIKE"
"சுணங்குவளர்,FRECKLE_GROW"
"இளமுலை,YOUNG_BREAST"
"மடந்தைக்கு,TO_LADY"
"அணங்கு,GODDESS"
"வளர்த்து,GROW"
"அகறல்,LEAVE"
"வல்லாதீமோ,NOT_ABLE"
"எக்கர்,SAND_DUNE"
"ஞாழல்,NYAZHAL_TREE"
"நறுமலர்ப்,FRAGRANT_FLOWER"
"பெருஞ்சினைப்,GREAT_BRANCH"
"புணரி,WAVE"
"திளைக்கும்,ENJOYS"
"துறைவன்,GHAT_LORD"
"புணர்வின்,JOY"
"இன்னான்,?"
"அரும்புணர்வினனே,DIFFICULT_LOVER"
"வெள்ளாங்,WHITE"
"குருகின்,HERON"
"பிள்ளை,CHILD"
"செத்தென,?"
"காணிய,TO_SEE"
"சென்ற,GONE"
"மடநடை,GENTLE_WALK"
"நாரை,STORK"
"மிதிப்ப,TREAD"
"நக்க,?"
"கண்போல்,EYE_LIKE"
"நெய்தல்,NEYDAL_LILY"
"கள்,HONEY"
"கமழ்ந்து,FRAGRANT"
"ஆனாத்,CEASELESS"
"துறைவற்கு,TO_GHAT_LORD"
"நெக்க,MELTED"
"நெஞ்சம்,HEART"
"நேர்கல்லேனே,?"
"கையறுபு,HELPLESS"
"இரற்றும்,SOUND"
"கானலம்,GROVE"
"புலம்பம்,?"
"துரைவன்,LORD"
"வரையும்,WILL_COME"
"என்ப,SAY"
"அறவன்,RIGHTEOUS"
"போலும்,LIKE"
"அருளுமார்,GRACE"
"அதுவே,THAT"
"உளர,?"
"ஒழிந்த,LEFT"
"தூவி,FEATHER"
"குலவுமணல்,ABUNDANT_SAND"
"போர்வின்,?"
"பெறூஉம்,GETS"
"துறைவன்,GHAT_LORD"
"கேண்மை,FRIENDSHIP"
"நன்னெடுங்,GOOD_LONG"
"கூந்தல்,HAIR"
"நாடுமோ,CONSIDER"
"மற்றே,ELSE"
"கானற்,GROVE"
"சேக்கும்,REST"
"துறைவனோடு,WITH_GHAT_LORD"
"யான்,I"
"எவன்,WHAT"
"செய்கோ,DO"
"பொய்க்கும்,LIES"
"இவ்வூரே,THIS_VILLAGE"
"பதைப்ப,?"
"ததைந்த,?"
"நெய்தல்,NEYDAL_LILY"
"கழிய,?"
"ஓதமொடு,WITH_WAVE"
"பெயரும்,RETURNS"
"துறைவதற்குப்,?"
"பைஞ்சாய்ப்,?"
"பாவை,DOLL"
"ஈன்றனென்,I_GAVE_BIRTH"
"யானே,I"
"பதைப்ப,?"
"ஒழிந்த,LEFT"
"செம்மறுத்,?"
"தூவி,FEATHER"
"தெள்கழிப்,CLEAR_BACKWATER"
"பரக்கும்,SPREADS"
"துரைவன்,LORD"
"எனக்கோ,FOR_ME"
"காதலன்,LOVER"
"அனைக்கோ,FOR_HER"
"வேறே,DIFFERENT"
"காலை,DAY"
"யிருந்து,SITTING"
"மாலை,EVENING"
"சேக்கும்,REST"
"தெண்கடல்,CLEAR_SEA"
"சேர்ப்பனொடு,WITH_CHIEFTAIN"
"வாரான்,NOT_COME"
"தான்,HE"
"வந்தனன்,CAME"
"எம்,OUR"
"காதலோனே,LOVER"
"கானலம்,GROVE"
"பெருந்துறைத்,GREAT_GHAT"
"துணையொடு,WITH_MATE"
"கொட்கும்,?"
"தண்ணந்துறைவன்,COOL_GHAT_LORD"
"கண்டிக்கும்,?"
"அம்மா,BEAUTIFUL_GREAT"
"மேனி,BODY"
"எம்,OUR"
"தோழியது,FRIEND"
"துயரே,SORROW"
"பசி,HUNGER"
"தின,?"
"அல்கும்,STAYS"
"பனிநீர்ச்,COLD_WATER"
"சேர்ப்ப,OH_CHIEFTAIN"
"நின்ஒன்று,YOUR_ONE"
"இரக்குவன்,WILL_ASK"
"அல்லேன்,NOT"
"தந்தனை,GAVE"
"சென்மோ,GO"
"கொண்ட,TOOK"
"இவள்,SHE"
"நலனே,BEAUTY"
"நொந்த,GRIEVED"
"தன்,ITS"
"தலையும்,HEAD"
"நோய்மிகும்,SICKNESS_INCREASES"
"துறைவ,OH_GHAT_LORD"
"பண்டையின்,THAN_BEFORE"
"மிக,VERY"
"பெரிது,GREATLY"
"இனைஇ,GRIEVING"
"முயங்குமதி,EMBRACE"
"பெரும,LORD"
"மய்ங்கினள்,?"
"பெரிதே,GREATLY"
"பெருங்கடற்,GREAT_SEA"
"கரையது,SHORE"
"சிறுவெண்,SMALL_WHITE"
"காக்கை,CROW"
"கருங்கோட்டுப்,BLACK_BRANCH"
"புன்னைத்,PUNNAI_TREE"
"தங்கும்,REST"
"துறைவற்குப்,TO_GHAT_LORD"
"பயந்த,GAVE_BIRTH"
"நுதல்,FOREHEAD"
"அழிய,DESTROY"
"சாஅய்,DIE"
"நயந்த,LOVED"
"நெஞ்சம்,HEART"
"நோய்ப்பால்தே,?"
"நீத்துநீர்,?"
"இருங்கழி,GREAT_BACKWATER"
"இரை,PREY"
"தேர்ந்து,CHOOSING"
"உண்டு,EATING"
"பூக்கமழ்,FLOWER_FRAGRANT"
"பொதும்பர்ச்,?"
"சேக்கும்,REST"
"துறைவன்,GHAT_LORD"
"சொல்லோ,WORDS"
"பிறவாயினவே,OTHER_BECAME"
"இருங்கழித்,GREAT_BACKWATER"
"துவலை,SPRAY"
"ஒலியில்,SOUND"
"துஞ்சும்,SLEEPS"
"துறைவன்,GHAT_LORD"
"துறந்தென,LEFT"
"துறந்து,LEAVING"
"என்,MY"
"இறையேர்,?"
"முன்கை,FOREARM"
"நீக்கிய,REMOVED"
"வளையே,BANGLE"
"இருங்கடற்,GREAT_SEA"
"கரையது,SHORE"
"இருங்கழி,GREAT_BACKWATER"
"மருங்கின்,SIDE"
"அயிரை,AIRAI_FISH"
"ஆரும்,EATS"
"தண்ணந்துறைவன்,COOL_GHAT_LORD"
"தகுதி,STATUS"
"நம்மோடு,WITH_US"
"அமையாது,NOT_CONTENT"
"அலர்பயந்தன்றே,GOSSIP_CAUSED"
"ஆருகழிச்,?"
"சிறுமீன்,SMALL_FISH"
"ஆர,FILL"
"மாந்தும்,DRINK"
"துறைவன்,GHAT_LORD"
"சொல்லிய,SAID"
"சொல்,WORD"
"என்,MY"
"இறையோர்,?"
"எல்வளை,SHINING_BANGLE"
"கொண்டு,TAKING"
"நின்றதுவே,STOOD"
"வரிவெண்,STRIPED_WHITE"
"தாலி,TALI"
"வலை,NET"
"செத்து,?"
"வெரூஉம்,FEARS"
"மெல்லம்புலம்பன்,SOFT_LAND_LORD"
"தேறி,KNOWING"
"நல்ல,GOOD"
"வாயின,BECAME"
"நல்லோள்,GOOD_WOMAN"
"கண்ணே,EYES"
"இருங்கழி,GREAT_BACKWATER"
"இனக்கெடிறு,GROUP_FISH"
"ஆரும்,EATS"
"துறைவன்,GHAT_LORD"
"நல்குவன்போல,WILL_GIVE_LIKE"
"கூறி,SAYING"
"நல்கான்ஆயினும்,EVEN_IF_NOT_GIVE"
"தொல்கே,?"
"என்னே,WHAT"
"துறைபடி,GHAT_STEP"
"யம்பி,?"
"அகமனை,?"
"ஈனும்,GIVES"
"தண்ணந்தூறைவன்,COOL_GHAT_LORD"
"நல்கి,GIVING"
"ஒள்நுதல்,BRIGHT_FOREHEAD"
"அரிவை,WOMAN"
"பாலாரும்மே,?"
"பொன்னிணார்,GOLD_CLUSTER"
"ஞாழல்,NYAZHAL_TREE"
"முனையில்,EDGE"
"பொதியவிழ்,?"
"புன்னையம்,PUNNAI_TREE"
"பூஞ்சினைச்,FLOWER_BRANCH"
"சேக்கும்,REST"
"துறைவன்,GHAT_LORD"
"நெஞ்சத்து,IN_HEART"
"உண்மை,TRUTH"
"அறிந்தும்,KNOWING"
"என்செய,WHAT_TO_DO"
"பசக்கும்,TURNS_PALE"
"தோழியென்,FRIEND_MY"
"கண்ணே,EYES"
"இருங்கழி,GREAT_BACKWATER"
"நெய்தல்,NEYDAL_LILY"
"சிதைக்குந்,DESTROYS"
"துறைவன்,GHAT_LORD"
"நல்லன்,GOOD"
"என்றி,SAY"
"யாயின்,IF"
"பல்லிதழ்,MANY_PETAL"
"உண்கண்,PAINTED_EYE"
"பசத்தல்,PALLOR"
"மற்றெவனோ,WHY_ELSE"
"திரைஇமிழ்,WAVE_SOUND"
"இன்னிசை,SWEET_MUSIC"
"அளைகி,?"
"அயலது,NEARBY"
"முழவுஇமிழ்,DRUM_SOUND"
"இன்னிசை,SWEET_MUSIC"
"மறுகுதொறு,EVERY_STREET"
"இசைக்கும்,SOUNDS"
"தொண்டி,TONDI"
"அன்ன,LIKE"
"பணைத்தோள்,DRUM_SHOULDER"
"ஒள்தொடி,BRIGHT_BANGLE"
"அரிவை,WOMAN"
"என்,MY"
"நெஞ்சு,HEART"
"கொண்டோளே,TOOK"
"ஒள்தொடி,BRIGHT_BANGLE"
"அரிவை,WOMAN"
"கொண்டனள்,TOOK"
"நெஞ்சே,HEART"
"வண்டிமிர்,BEE_BUZZ"
"பனித்துறை,COOL_GHAT"
"தொண்டி,TONDI"
"ஆங்கண்,THERE"
"உரவுக்,STRONG"
"கடல்ஒலித்,SEA_SOUND"
"திரையென,WAVE"
"இரவினானும்,NIGHT"
"துயிலறியேனே,SLEEP_NOT_KNOW"
"இரவினானும்,NIGHT"
"இந்துயில்,THIS_SLEEP"
"அறியாது,NOT_KNOWING"
"அரவுறு,?"
"துயரம்,SORROW"
"எய்துப,OBTAIN"
"தொண்டித்,TONDI"
"தண்நறு,COOL_FRAGRANT"
"நெய்தல்,NEYDAL_LILY"
"நாறும்,SMELLS"
"பின்,?"
"இருங்,GREAT"
"கூந்தல்,HAIR"
"அணங்குற்றோரே,?"
"அணங்குடைப்,GODDESS"
"பனித்துறை,COOL_GHAT"
"தொண்டி,TONDI"
"யன்ன,LIKE"
"மணங்கமழ்,FRAGRANT"
"பொழிற்,GROVE"
"குறி,SIGN"
"நல்கினள்,GAVE"
"நுணங்கிழை,FINE_JEWEL"
"பொங்கரி,?"
"பரந்த,SPREAD"
"உண்கண்,PAINTED_EYE"
"அம்கலில்,?"
"மேனி,BODY"
"அசைஇய,RESTED"
"எமக்கே,FOR_US"
"எமக்கு,FOR_US"
"நயந்து,LOVING"
"அருளினையாயின்,IF_YOU_GRACE"
"பணைத்தோள்,DRUM_SHOULDER"
"நல்நுதல்,GOOD_FOREHEAD"
"அரிவையொடு,WITH_WOMAN"
"மென்மெல,SOFTLY"
"இயலி,WALKING"
"வந்திசின்,CAME"
"வாழியா,LONG_LIVE"
"மடந்தை,LADY"
"தொண்டி,TONDI"
"யன்ன,LIKE"
"நின்,YOUR"
"பண்புல,?"
"கொண்டே,TOOK"
"பண்பும்,CHARACTER"
"பாயலும்,SLEEP"
"கொண்டனள்,TOOK"
"தொண்டித்,TONDI"
"தண்கமழ்,COOL_FRAGRANT"
"புதுமலர்,NEW_FLOWER"
"நாறும்,SMELLS"
"ஒண்டொடி,BRIGHT_BANGLE"
"ஐதுஅமைந்து,SLENDER"
"அகன்ற,BROAD"
"அல்குல்,WAIST"
"கொய்தளிர்,PLUCKED_SPROUT"
"மேனி,BODY"
"கூறுமதி,TELL"
"தவறே,FAULT"
"தவறிலர்,FAULTLESS"
"ஆயினும்,EVEN_IF"
"பனிப்ப,SHIVER"
"மன்ற,INDEED"
"இவறுதிரை,?"
"திளைக்கும்,ENJOYS"
"இடுமணல்,SAND_DUNE"
"நெடுங்கோட்டு,LONG_PEAK"
"முண்டக,MUNDAGAM"
"நறுமலர்,FRAGRANT_FLOWER"
"கமழும்,SMELLS"
"தொண்டி,TONDI"
"அன்னோள்,SUCH_WOMAN"
"தோளுற்றோரே,THOSE_WHO_ACHIEVED_SHOULDER"
"தோளும்,SHOULDER"
"கூந்தலும்,HAIR"
"பல,MANY"
"பாராட்டி,PRAISING"
"வாழ்தல்,LIVING"
"ஒல்லுமோ,POSSIBLE"
"மற்றே,ELSE"
"செங்கோல்,JUST_SCEPTRE"
"குட்டுவன்,KUTTUVAN"
"தொண்டி,TONDI"
"யன்ன,LIKE"
"என்,MY"
"கண்டும்,SEEING"
"நயந்து,LOVING"
"நீ,YOU"
"நல்காக,NOT_GIVING"
"க்காலே,TIME"
"நல்குமதி,GIVE"
"வாழியோ,LONG_LIVE"
"நளிநீர்ச்,DEEP_WATER"
"சேர்ப்ப,OH_CHIEFTAIN"
"அலவன்,CRAB"
"தாக்க,STRIKE"
"துறையிறாப்,?"
"பிறழும்,SHINES"
"இன்னொலித்,SWEET_SOUND"
"தொண்டி,TONDI"
"அற்றே,LIKE"
"நின்னலது,EXCEPT_YOU"
"இல்லா,NOT_HAVING"
"இவள்,SHE"
"சிறுநுதவே,?"
"சிறுநனை,?"
"வரைந்தனை,PROMISED"
"கொண்மோ,TAKE"
"பெருநீர்,GREAT_WATER"
"வலைவர்,FISHERMEN"
"தந்த,GAVE"
"கொழுமீன்,FAT_FISH"
"வல்சிப்,FOOD"
"பறைதபு,?"
"முதுகுருகு,OLD_HERON"
"இருக்கும்,SITS"
"துரைகெழு,CHIEFTAIN_HAVING"
"தொண்டி,TONDI"
"அன்ன,LIKE"
"இவள்,SHE"
"நலனே,BEAUTY"
"நெய்தல்,NEYDAL_LILY"
"உண்கண்,PAINTED_EYE"
"ஏர்,BEAUTY"
"இறைப்,TOP"
"பணைந்தோள்,DRUM_SHOULDER"
"பொய்தல்,?"
"ஆடிய,PLAYED"
"பொய்யா,TRUTHFUL"
"மகளிர்,WOMEN"
"குப்பை,HEAP"
"வெண்மணல்,WHITE_SAND"
"குரவை,KURAVAI_DANCE"
"நிறூஉந்,?"
"துறைகெழு,GHAT_HAVING"
"கொண்கன்,HUSBAND"
"நல்கி,GIVING"
"உறைவு,LIVING"
"இனிது,SWEET"
"அம்ம,AH"
"இவ்,THIS"
"அழுங்கள்,?"
"ஊரே,VILLAGE"
"நெய்தல்,NEYDAL_LILY"
"நறுமலர்,FRAGRANT_FLOWER"
"செருந்தியொடு,WITH_CERUNDHI"
"விரைஇ,MIXING"
"கைபுனை,HAND_MADE"
"நறுந்தார்,SWEET_GARLAND"
"கமழும்,SMELLS"
"மார்பன்,CHESTED"
"அருந்திறல்,DIFFICULT_POWER"
"கடவுள்,GOD"
"அல்லன்,NOT"
"பெருந்துறைக்,GREAT_GHAT"
"கண்டு,SEEING"
"இவள்,SHE"
"அணங்கியோனே,?"
"கணங்கொள்,GROUP_HAVING"
"அருவிக்,WATERFALL"
"கான்கெழு,FOREST_HAVING"
"நாடன்,LORD"
"குறும்பொறை,SMALL_HILL"
"நாடன்,LORD"
"நல்வய,GOOD_FIELD"
"லூரன்,CHIEFTAIN"
"தண்கடற்,COOL_SEA"
"சேர்ப்பன்,CHIEFTAIN"
"பிரிந்தென,LEFT"
"பண்டையிற்,THAN_BEFORE"
"கடும்பகல்,HOT_DAY"
"வருதி,COME"
"கையறு,HELPLESS"
"மாலை,EVENING"
"கொடுங்கழி,CURVED_BACKWATER"
"நெய்தலும்,NEYDAL_LILY"
"கூம்ப,BUD"
"காலை,DAY"
"வரினும்,EVEN_IF_COME"
"களைஞரோ,REMOVERS"
"இலரே,NOT"
"இருங்கழி,GREAT_BACKWATER"
"நெய்தல்,NEYDAL_LILY"
"நீக்கி,REMOVING"
"மீனுண்,FISH_EATING"
"குருகு,HERON"
"இளங்,YOUNG"
"கானல்,GROVE"
"அல்கும்,STAYS"
"கடல்,SEA"
"அணிந்தன்று,ADORNED"
"அவர்,THEIR"
"ஊரே,VILLAGE"
"கடலினும்,THAN_SEA"
"பெரிது,GREAT"
"எமக்கு,FOR_US"
"அவருடை,THEIR"
"நட்பே,FRIENDSHIP"
"அலங்கிதழ்,WAVING_PETAL"
"நெய்தல்,NEYDAL_LILY"
"கொற்கை,KORKAI"
"முன்துறை,FRONT_GHAT"
"இலங்குமுத்து,SHINING_PEARL"
"உறைக்கும்,DRIPS"
"எயிறுகெழு,TEETH_HAVING"
"துவர்வாய்,?"
"அரம்போழ்,?"
"அவ்வளை,BEAUTIFUL_BANGLE"
"குறுமகள்,SMALL_WOMAN"
"நரம்பு,STRING"
"ஆர்த்தன்ன,SOUNDED_LIKE"
"தீங்கிளவியனே,SWEET_WORDS"
"நாரை,STORK"
"நல்லினம்,GOOD_HERD"
"கடுப்ப,LIKE"
"மகளிர்,WOMEN"
"நீர்வார்,WATER_FLOW"
"கூந்தல்,HAIR"
"உளரும்,SHAKES"
"துறைவ,OH_GHAT_LORD"
"பொங்குழி,?"
"நெய்தல்,NEYDAL_LILY"
"உறைப்ப,?"
"இத்துறை,THIS_GHAT"
"பல்கால்,MANY_TIMES"
"வரூஉம்,COMES"
"தேரென,CHARIOT"
"செல்வாதீமோ,DO_NOT_GO"
"என்றனள்,SAID"
"யாயே,MOTHER"
"நொதுமலாளர்,STRANGERS"
"கொள்ளார்,NOT_ACCEPT"
"இவையே,THESE"
"எம்மொடு,WITH_US"
"வந்து,COME"
"கடலாடு,SEA_BATHER"
"மகளிரும்,WOMEN"
"நெய்தலம்,NEYDAL"
"பகைத்தழைப்,?"
"பாவை,DOLL"
"புனையார்,NOT_DECORATE"
"உடலகம்,?"
"கொள்வோர்,TAKERS"
"இன்மையின்,ABSENCE"
"தொடலை,GARLAND"
"குற்ற,?"
"சில,FEW"
"பூவினரே,FLOWERS"
"இருங்கழிச்,GREAT_BACKWATER"
"சேயிறா,?"
"இனப்புன்,?"
"ஆரும்,EATS"
"கொற்கைக்,KORKAI"
"கோமான்,KING"
"கொற்கையம்,KORKAI"
"பெருந்துறை,GREAT_GHAT"
"வைகறை,DAWN"
"மலரும்நெய்தல்,BLOOMS_NEYDAL"
"போலத்,LIKE"
"தகை,STATUS"
"பெரிது,GREAT"
"உடை,HAS"
"காதலி,LOVER"
"கண்ணே,EYES"
"புன்னை,PUNNAI_TREE"
"நுன்தாது,FINE_POLLEN"
"உறைத்தரு,?"
"நெய்தல்,NEYDAL_LILY"
"பொன்படு,GOLD_PLACE"
"மணியில்,GEM"
"பொற்ப,GOLD"
"தோன்றும்,APPEARS"
"மெல்லம்புலம்பன்,SOFT_LAND_LORD"
"வந்தென,CAME"
"நல்லன,GOOD"
"வாயின,BECAME"
"தோழியென்,FRIEND_MY"
"கண்ணே,EYES"
"தண்ணறு,COOL_FRAGRANT"
"நெய்தல்,NEYDAL_LILY"
"தளை,TETHER"
"அவிழ்,BLOOM"
"வான்பூ,WHITE_FLOWER"
"வெண்ணெல்,WHITE_RICE"
"அரிநர்,CUTTERS"
"மாற்றினர்,CHANGED"
"அறுக்கும்,CUTS"
"மெல்லம்புலம்பன்,SOFT_LAND_LORD"
"மன்ற,INDEED"
"எம்,OUR"
"பல்லிதழ்,MANY_PETAL"
"உண்கண்,PAINTED_EYE"
"பனிசெய்தோனே,DEW_CAUSED"
"கடற்கோடு,SEA_CURVE"
"செறிந்த,CLOSE"
"வளைவார்,BANGLE"
"முன்கைக்,FOREARM"
"கழிப்புத்,BACKWATER"
"தொடர்ந்த,FOLLOWED"
"இடும்பல்,?"
"கூந்தல்,HAIR"
"கானல்,GROVE"
"ஞாழற்,NYAZHAL_TREE"
"கவின்பெறு,BEAUTIFUL"
"தழையள்,LEAF"
"வரையர,?"
"மகளிரின்,WOMEN"
"அரியள்,RARE"
"என்,MY"
"நிறையரு,?"
"நெஞ்சம்,HEART"
"கொண்டு,TAKING"
"ஒளித்தோளே,HID_SHOULDER"
"கோடுபுலம்,?"
"கொட்ப,?"
"கடலெழுந்து,SEA_ROSE"
"முழுங்க,ROAR"
"பாடிமிழ்,SINGING_SOUND"
"பனித்துறை,COOL_GHAT"
"யோடுகலம்,?"
"உகைக்கும்,DASHES"
"துறைவன்,GHAT_LORD"
"பிரிந்தென,LEFT"
"நெகிழ்ந்தன,LOOSENED"
"வீங்கின,SWELLED"
"மாதோ,INDEED"
"தொழிஎன்,LEAVE_MY"
"வளையே,BANGLE"
"வலம்புரி,CONCH"
"உழுத,PLOUGHED"
"வார்மணல்,LONG_SAND"
"அடைகரை,SHORE"
"இலங்குகதிர்,SHINING_RAY"
"முத்தம்,PEARL"
"இருள்கெட,DARKNESS_DESTROY"
"இமைக்கும்,TWINKLES"
"துரைகெழு,CHIEFTAIN_HAVING"
"கொண்கநீ,HUSBAND_YOU"
"தந்த,GAVE"
"அறைபுனல்,?"
"வால்வளை,WHITE_BANGLE"
"நல்லவோ,GOOD"
"தாமே,THEY"
"கடற்கோ,?"
"டறுத்த,CUT"
"அரம்போழ்,?"
"அவ்வளை,BEAUTIFUL_BANGLE"
"ஒள்தொடி,BRIGHT_BANGLE"
"மடவரல்,GENTLE"
"கண்டிக்கும்,?"
"கொண்க,OH_HUSBAND"
"நன்னுதல்,GOOD_FOREHEAD"
"இன்றுமால்,TODAY"
"செய்தென,DID"
"கொன்றொன்று,?"
"கடுத்தனள்,?"
"அன்னையது,MOTHER"
"நிலையே,STATE"
"வளைபடு,BANGLE_PLACE"
"முத்தம்,PEARL"
"பரதவர்,FISHERMEN"
"பகரும்,SELL"
"கடல்கெழு,SEA_HAVING"
"கொண்கன்,HUSBAND"
"காதல்,LOVE"
"மடமகள்,GENTLE_DAUGHTER"
"கெடலரும்,IMPERISHABLE"
"துயரம்,SORROW"
"நல்கி,GIVING"
"படலின்,?"
"பாயல்,SLEEP"
"நல்கியோளெ,GAVE"
"கோடீர்,?"
"எல்வளை,SHINING_BANGLE"
"கொழும்பல்,FAT_MANY"
"கூந்தல்,HAIR"
"ஆய்தொடி,BEAUTIFUL_BANGLE"
"மடவரல்,GENTLE"
"வேண்டுதி,WANT"
"யாயின்,IF"
"தென்கழி,SOUTH_BACKWATER"
"சேயிறா,?"
"படூஉம்,FALLS"
"தன்கடற்,HIS_SEA"
"சேர்ப்ப,OH_CHIEFTAIN"
"வரைந்தனை,PROMISED"
"கொண்மோ,TAKE"
"இலங்குவளை,SHINING_BANGLE"
"தெளிர்ப்ப,SOUND"
"அலவன்,CRAB"
"ஆட்டி,MAKING_DANCE"
"முகம்புதை,FACE_HIDING"
"ச்துப்பினள்,?"
"இறைஞ்ச்நின்றோனே,BOWED_STOOD"
"புலம்புகொள்,GRIEF_TAKING"
"மாலை,EVENING"
"மறைய,HIDE"
"நலம்கேழ்,BEAUTY"
"ஆகம்,CHEST"
"나ல்குவள்,WILL_GIVE"
"எனக்கே,FOR_ME"
"வளையணி,BANGLE_ADORN"
"முன்கை,FOREARM"
"வாலெயிற்று,WHITE_TOOTHED"
"அமர்நகை,BEAUTIFUL_SMILE"
"இளையர்,YOUTHS"
"ஆடும்,DANCE"
"தளை,TETHER"
"அவிழ்,BLOOM"
"கானல்,GROVE"
"குறுந்துறை,SMALL_GHAT"
"வினவி,ASKING"
"நின்ற,STOOD"
"நெடுந்தோள்,LONG_SHOULDER"
"அண்ணல்,LORD"
"கண்டிக்கும்,?"
"யாமே,WE"
"கானலம்,GROVE"
"பெருந்துறைக்,GREAT_GHAT"
"கலிதிரை,NOISY_WAVE"
"திளைக்கும்,ENJOYS"
"வானுயர்,SKY_HIGH"
"நெடுமணல்,LONG_SAND"
"ஏறி,CLIMBING"
"ஆனாது,CEASELESS"
"காண்கம்,WILL_SEE"
"வம்மோ,COME"
"தோழி,FRIEND"
"செறிவளை,TIGHT_BANGLE"
"நெகிழ்த்தோன்,LOOSENER"
"எறிகடல்,WAVING_SEA"
"நாடே,COUNTRY"
"இலங்குவீங்கு,?"
"எல்வளை,SHINING_BANGLE"
"ஆய்நூதல்,?"
"கவின,BEAUTY"
"பொலந்தேர்க்,GOLDEN_CHARIOT"
"கொண்கன்,HUSBAND"
"வந்தனன்,CAME"
"இனியே,NOW"
"விலங்கரி,?"
"நெடுங்கண்,LONG_EYE"
"ஞெகிழ்மதி,LOOSE"
"நலங்கவர்,BEAUTY_STEAL"
"பசலையை,PALLOR"
"நகுக,WILL_LAUGH"
"நாமே,WE"
"அன்னாய்,MOTHER"
"வாழிவேண்,LONG_LIVE_QUEEN"
"டன்னை,?"
"என்னை,ME"
"தானும்,HE"
"மலைந்தான்,WORE"
"எமக்கும்,FOR_US"
"தழையாயின,LEAVES_BECAME"
"பொன்வீ,GOLD_FLOWER"
"மணியரும்,GEM_RARE"
"பினவே,THEY"
"என்ன,WHAT"
"மரம்கொல்,TREE"
"அவர்,THEIR"
"சாரல்,SLOPE"
"அவ்வே,THERE"
"நம்மூர்ப்,OUR_VILLAGE"
"பார்ப்பனக்,BRAHMIN"
"குறுமகப்,SMALL_WOMAN"
"போலத்,LIKE"
"தாமும்,THEY"
"குடுமித்,TOP_KNOT"
"தலைய,HEAD"
"மன்ற,INDEED"
"நெடுமலை,LONG_MOUNTAIN"
"நாடன்,LORD"
"ஊர்ந்த,RIDDEN"
"மாவே,HORSE"
"நம்மூர்,OUR_VILLAGE"
"படப்பை,GARDEN"
"தேன்,HONEY"
"மயங்கு,MIX"
"பாலினும்,THAN_MILK"
"இனிய,SWEET"
"அவர்நாட்டு,THEIR_LAND"
"உவலை,?"
"கூவற்,?"
"கீழ,BELOW"
"மான்,DEER"
"உண்டு,EATING"
"எஞ்சிய,LEFT"
"கலிழி,?"
"நீரே,WATER"
"அது,THAT"
"எவன்கொல்,WHY"
"வரையர,?"
"மகளிரின்,WOMEN"
"நிரையுடன்,LINE_WITH"
"குழீஇ,GATHERING"
"பெயர்வழிப்,GOING_WAY"
"பெயர்வழி,GOING_WAY"
"தவிராது,WITHOUT_STOP"
"노க்கி,LOOKING"
"நல்லள்,GOOD_WOMAN"
"நல்லள்,GOOD_WOMAN"
"என்ப,SAY"
"தீயேன்,EVIL_I"
"தில்ல,?"
"மலைகிழவோர்க்கே,MOUNTAIN_LORD"
"அன்னாய்,MOTHER"
"வாழிவேண்,LONG_LIVE_QUEEN"
"டன்னையென்,?"
"தோழி,FRIEND"
"னனி,VERY"
"நான்,?"
"உடையள்,HAVE"
"நின்னும்,YOU"
"அஞ்சும்,FEARS"
"ஒலிவெள்,SOUNDING_WHITE"
"ளருவி,WATERFALL"
"ஓங்குமலை,HIGH_MOUNTAIN"
"நாடன்,LORD"
"மலர்ந்த,BLOOMED"
"மார்பின்,CHEST"
"பாயல்,SLEEP"
"துஞ்சிய,ASLEEP"
"வெய்யள்,HOT_SHE"
"நோகோயானே,GRIEVE_I"
"அன்னாய்,MOTHER"
"வாழிவேண்,LONG_LIVE_QUEEN"
"டன்னை,?"
"உவக்காண்,LOOK"
"மாரிக்,RAIN"
"குளத்துக்,TANK"
"காப்பாள்,PROTECTOR"
"அன்னன்,LIKE"
"தூவலின்,SPRAY"
"நனைந்த,WET"
"தொடலை,GARLAND"
"ஒள்வாள்,SHINING_SWORD"
"பாசி,MOSS"
"சூழ்ந்த,SURROUNDED"
"பெருங்கழல்,GREAT_ANKLET"
"தண்பனி,COOL_DEW"
"வைகிய,STAYED"
"வைக்க,?"
"சினனே,ANGER"
"அன்னாய்,MOTHER"
"வாழிவேண்,LONG_LIVE_QUEEN"
"டன்னை,?"
"நன்றும்,WELL"
"உணங்கல,?"
"கொல்லோ,PERHAPS"
"நின்,YOUR"
"தினையே,MILLET"
"உவக்காண்,LOOK"
"நிணம்பொதி,FAT_PACKED"
"வழுக்கில்,?"
"தோன்றும்,APPEARS"
"மழைத்தலை,RAIN_HEAD"
"வைத்து,PLACING"
"அவர்,THEIR"
"மணிநெடுங்,GEM_LONG"
"குன்றே,HILL"
"அன்னாய்,MOTHER"
"வாழிவேண்,LONG_LIVE_QUEEN"
"டன்னை,?"
"கானவர்,JUNGLE_PEOPLE"
"கிழங்கு,TUBER"
"அகழ்,DUG"
"நெடுங்குழி,LONG_PIT"
"மல்க,FILL"
"வேங்கைப்,VENGAI"
"பொன்மலி,GOLD_ABUNDANT"
"புதுவீத்,NEW_FLOWER"
"தாஅம்,APPEAR"
"அவர்நாட்டு,THEIR_LAND"
"மணிநிற,GEM_COLOR"
"மால்வரை,GREAT_MOUNTAIN"
"மறைதொறு,EVERY_HIDE"
"அணிமலர்,BEAUTIFUL_FLOWER"
"நெடுங்கண்,LONG_EYE"
"ஆர்ந்தன,FILLED"
"பனியே,DEW"
"அன்னாய்,MOTHER"
"வாழிவேண்,LONG_LIVE_QUEEN"
"டன்னை,?"
"நீ,YOU"
"மற்று,THEN"
"யான்,I"
"அவர்,THEIR"
"மறத்தல்,FORGETTING"
"வேண்டுதி,WANT"
"யாயின்,IF"
"கொண்டல்,CLOUD"
"அவரை,?"
"பூவின்,FLOWER"
"அன்ன,LIKE"
"வெண்டலை,WHITE_HEAD"
"மாமழை,GREAT_RAIN"
"சூடி,WEARING"
"தோன்றல்,APPEAR"
"அனாது,?"
"அவர்,THEIR"
"மணிநெடுங்,GEM_LONG"
"குன்றே,HILL"
"அன்னாய்,MOTHER"
"வாழிவேண்,LONG_LIVE_QUEEN"
"டன்னைநம்,?"
"படப்பை,GARDEN"
"புலவுச்சேர்,?"
"துறுகல்,ROCK"
"ஏறி,CLIMBING"
"அவர்நாட்டுப்,THEIR_LAND"
"பூக்கெழு,FLOWER_HAVING"
"குன்றம்,HILL"
"노க்கி,LOOKING"
"நின்று,STANDING"
"மணிபுரை,GEM_LIKE"
"வயங்கிழமை,?"
"நிலைபெற,STEADY"
"தணிதற்கும்,COOL"
"உரித்து,FITTING"
"அவள்,SHE"
"உற்ற,OBTAINED"
"நோயே,SICKNESS"
"நெய்யொடு,WITH_GHEE"
"மயக்கிய,MIXED"
"உழுந்துநூல்,?"
"ற்றன்ன,LIKE"
"வயலையஞ்,?"
"சிலம்பின்,HILL"
"தலையது,HEAD"
"செயலையம்,?"
"பகைத்தழி,?"
"வாடும்,WITHERS"
"அன்னாய்,MOTHER"
"சாந்த,SANDAL"
"மரத்த,?"
"ட,?"
"பூதிழ்,?"
"எழுபுகை,RISING_SMOKE"
"கூட்டுவிரை,?"
"கமழும்,SMELLS"
"나ாடன்,LORD"
"அறவற்கு,TO_RIGHTEOUS"
"எவனோ,WHAT"
"나மக்ல்வு,?"
"அன்னாய்,MOTHER"
"நறுவடி,SWEET_CUT"
"மாஅத்து,MANGO_TREE"
"மூக்கு,?"
"இறுபு,?"
"உதிர்த்த,SHED"
"ஈர்ந்தண்,COOL"
"பெருவடுப்,?"
"பாலையிற்,?"
"குறவர்,HUNTERS"
"உறைவீழ்,?"
"ஆலியல்,?"
"தொகுக்கும்,COLLECTS"
"சாரல்,SLOPE"
"மீமிசை,TOP"
"나ன்னாட்,GOOD_COUNTRY"
"டவர்வரின்,?"
"யான்,I"
"உயிர்,LIFE"
"வாழ்தல்,LIVING"
"கூடும்,POSSIBLE"
"அன்னாய்,MOTHER"
"சாரல்,SLOPE"
"பலவின்,JACKFRUIT"
"கொழுந்துணர்,FAT_CLUSTER"
"நறும்பழம்,FRAGRANT_FRUIT"
"இருங்கள்,GREAT_KALL"
"விடரளை,CAVE"
"வீழ்ந்தென,FALL"
"வெற்பில்,HILL"
"பெருந்தேன்,GREAT_HONEY"
"இறாஅல்,?"
"கீறும்,CUTS"
"나ாடன்,LORD"
"பேரமர்,GREAT_BATTLE"
"மழைக்கண்,CLOUD_EYE"
"கழிலத்தன்,?"
"சீருடை,FAMOUS"
"나ன்னாட்டுச்,GOOD_COUNTRY"
"செல்லும்,GOES"
"அன்னாய்,MOTHER"
"கட்டளை,?"
"யன்ன,LIKE"
"மணிநிறத்,GEM_COLOR"
"தும்பி,BEE"
"இட்டிய,?"
"குயின்ற,?"
"துறைவயின்,GHAT"
"செலீஇயர்,?"
"தட்டைத்,?"
"தண்ணுமை,DRUM"
"பின்னர்,AFTER"
"இயவர்,?"
"தீங்குழல்,SWEET_FLUTE"
"ஆம்பலின்,AMPA_LILY"
"இனிய,SWEET"
"இமிரும்,HUMS"
"புதன்மலர்,NEW_FLOWER"
"மாலையும்,GARLAND"
"பிரிவோர்,SEPARATORS"
"இதனினும்,THAN_THIS"
"கொடிய,CRUEL"
"செய்குவர்,WILL_DO"
"அன்னாய்,MOTHER"
