Word,Entity,Explanation
poem5,,
பாய்,O,adjective meaning spreading/flowing
இரும்,O,adjective meaning dark/huge
பனிக்,NATURE,cold/frost
கடல்,WATERBODY,ocean
பார்,PLACE,earth/land
துகள்,O,noun meaning dust
பட,O,verb meaning to become/to happen
ப்புக்கு,O,verb meaning entering
சேய்,O,adverb meaning very/afar
உயர்,O,adjective meaning high/tall
பிணிமுகம்,ANIMAL,Pinimukam (Murukan's elephant)
ஊர்ந்து,O,verb meaning riding
அமர்,NATURE,battle/war
உழக்கி,O,verb meaning fighting/struggling
தீ,NATURE,fire
அழல்,NATURE,flame/fire
துவைப்ப,O,verb meaning to sound loudly
த்திரிய,O,verb meaning to swirl/to turn
விட்டெறிந்து,O,verb meaning throwing/releasing
நோயுடை,O,adjective meaning causing distress/harmful
நுடங்கு,O,verb meaning moving/swaying
சூர்,MYTH,Sooran (demon)
மா,PLANT,mango tree
முதல்,PLANT,trunk/base
தடிந்து,O,verb meaning cutting/chopping
வென்றியின்,O,noun meaning because of victory
மக்களுள்,PERSON,among them/among the sons
ஒருமையொடு,O,noun meaning with oneness/with nature
பெயரிய,O,past participle meaning named/famous
கொன்று,O,verb meaning killing
உணல்,O,verb meaning eating
அஞ்சாக,O,negative adjective meaning not afraid
கொடு,O,adjective meaning cruel/evil
வினைக்,O,noun meaning deed/action
கொல்,O,adjective meaning killing/murderous
தகை,O,noun meaning nature/ability
மாய,MYTH,tricky/deceptive
அவுணர்,MYTH,asuras/demons
மருங்கு,O,noun meaning side/family
அற,O,adverb meaning completely/totally
த்தபுத்த,O,past participle meaning destroyed/ruined
வேல்,WEAPON,spear
நாவலந்,PLACE,Nāvalan island
தண்,O,adjective meaning cool
பொழில்,FOREST,grove/forest
வட,O,adjective meaning north/northern
பொழில்,FOREST,grove/forest
ஆயிடை,O,postposition meaning in between
குருகொடு,BIRD,with heron/bird name
பெயர்,O,noun meaning name
பெற்ற,O,past participle meaning obtained/got
மால்,O,adjective meaning dark/great
வரை,MOUNTAIN,mountain
உடைத்து,O,verb meaning broke/destroyed
மலை,MOUNTAIN,mountain
ஆற்றுப்படுத்த,O,past participle meaning made a path/created a way
மூ,O,numeral meaning three
இரு,O,numeral meaning two/six
கயந்தலை,PERSON,O lord with six delicate heads
மூ,O,numeral meaning three
இரு,O,numeral meaning two/six
கயந்தலை,PERSON,six delicate heads
முந்நான்கு,O,numeral meaning twelve (three fours)
முழவுத்,OBJECT,drum-like
தோள்,PERSON,arms/shoulders
ஞாயிற்று,NATURE,of the sun
ஏர்,O,adjective meaning like/resembling
நிறத்தகை,PERSON,O lord of that color
நளினத்துப்,FLOWER,in the lotus
பிறவியை,PERSON,O lord who was born
காஅய்,DEITY,O god who ruins (Sivan)
கடவுட்,DEITY,god
சேஎய்,PERSON,Murukan (son)
செவ்வேள்,PERSON,O red lord/Murukan
சால்வ,PERSON,O lord with wisdom
தலைவ,PERSON,O lord with leadership
என,O,quotative particle meaning thus
ப்பேஎ,O,adjective meaning fear-causing (with expletive)
விழவினுள்,O,noun meaning in the festival
வேலன்,PROFESSION,vēlan (Murukan priest)
ஏத்தும்,O,verb meaning praising
வெறியும்,O,noun meaning veriyāttam/frenzy dance
உளவே,O,verb with expletive meaning there are
அவை,O,pronoun meaning they/those
வாயும்,O,noun meaning truth/true
அல்ல,O,negative verb meaning are not
பொய்யும்,O,noun meaning lie/false
அல்ல,O,negative verb meaning are not
நீயே,PERSON,you yourself
வரம்பிற்று,O,noun meaning limit/boundary
இவ்,O,pronoun meaning this
உலகம்,PLACE,world
ஆதலின்,O,conjunction meaning therefore/since
சிறப்போய்,PERSON,O great one
சிறப்பு,O,noun meaning greatness
இன்றி,O,negative adverb meaning without
பெயர்குவை,O,verb meaning you will move away
சிறப்பினுள்,O,noun meaning in greatness/with greatness
உயர்வு,O,noun meaning height/superiority
ஆகலும்,O,verbal noun meaning and attaining/being
பிறப்பினுள்,O,noun meaning in births
இழிபு,O,noun meaning lowness/inferiority
ஆகலும்,O,verbal noun meaning and attaining/being
ஏனோர்,PERSON,others/all lives
நின்,O,pronoun meaning your
வலத்தினதே,O,noun with expletive meaning due to command/power
ஆதி,O,adjective meaning ancient/primeval
அந்தணன்,DEITY,Brahman
அறிந்து,O,verb meaning knowing
பரி,ANIMAL,horse
கொளுவ,O,verb meaning to hitch/to yoke
வேத,O,noun meaning Veda
மா,ANIMAL,horse
பூண்,O,verb meaning hitched/yoked
வையத்,PLACE,earth
தேர்,VEHICLE,chariot
ஊர்ந்து,O,verb meaning riding
நாகம்,ANIMAL,snake (Vāsuki)
நாணா,OBJECT,as bow-string/rope
மலை,MOUNTAIN,mountain (Himalayas)
வில்லாக,WEAPON,as a bow
மூவகை,O,adjective meaning three kinds
ஆர்,O,adjective meaning difficult/rare
எயில்,STRUCTURE,fort
ஓர்,O,adjective meaning one
அழல்,NATURE,flame/fire
அம்பின்,WEAPON,arrow
முளிய,O,verb meaning to be destroyed/to perish
மாதிரம்,NATURE,directions
அழல,O,verb meaning to burn/to scorch
எய்து,O,verb meaning shooting
அமரர்,DEITY,celestials/gods
வேள்விப்,O,noun meaning ritual/sacrifice
பாகம்,FOOD,portion/offering
உண்ட,O,past participle meaning ate/consumed
பைங்,O,adjective meaning green/young
கட்,PERSON,with eyes
பார்ப்பான்,PROFESSION,Brahmin (Sivan)
உமையொடு,DEITY,with Umai (goddess)
புணர்ந்து,O,verb meaning uniting/joining
காம,O,noun meaning love/desire
வதுவையுள்,O,noun meaning in the wedding
அமையாப்,O,negative adjective meaning endless/unending
புணர்ச்சி,O,noun meaning union
அமைய,O,verb meaning to occur/to happen
நெற்றி,PERSON,forehead
இமையா,O,negative adjective meaning unblinking
நாட்டத்து,PERSON,with eyes/sight
ஓரு,O,adjective meaning one (emphatic)
வரம்,O,noun meaning boon
கொண்டு,O,verb meaning taking/receiving
விலங்கு,O,adverb meaning as obstacle/discard it
என,O,quotative particle meaning thus
விண்ணோர்,DEITY,celestials/gods
வேள்வி,O,noun meaning ritual/sacrifice
முதல்வன்,PERSON,lord (Indiran)
விரி,O,adjective meaning spreading/radiating
கதிர்,NATURE,ray
மணிப்,OBJECT,gems/jewels
பூணவற்கு,PERSON,to one wearing jewels (Indiran)
தான்,O,pronoun meaning he himself (Sivan)
ஈத்தது,O,past participle meaning the boon given
அரிது,O,predicate meaning difficult/precious
என,O,quotative particle meaning thus
மாற்றான்,O,verb meaning does not change/not alter
வாய்மையன்,PERSON,truthful one
ஆதலின்,O,conjunction meaning since being
எரி,NATURE,fire
கனன்று,O,verb meaning burning with rage
ஆனாக்,O,negative adjective meaning unceasing/continuous
குடாரி,WEAPON,axe
கொண்டவன்,PERSON,one with axe (Sivan)
உருவு,O,noun meaning form
திரித்திட்டோன்,PERSON,one who shattered the form
இவ்,O,pronoun meaning this
உலகு,PLACE,world
ஏழும்,O,numeral meaning all seven
மருள,O,verb meaning to be aghast/to be confused
கருப்,O,noun meaning embryo
பெற்றுக்,PERSON,those who received
கொண்டோர்,PERSON,those who took/received (sages)
கழிந்த,O,past participle meaning gone/passed/emitted
சேய்,O,adjective meaning young/distant
யாக்கை,O,noun meaning body
நொசிப்பின்,O,noun meaning with subtle mind/with discernment
ஏழ்,O,numeral meaning seven
உறு,O,adjective meaning possessing/filled with
முனிவர்,PERSON,sages
நனி,O,adverb meaning greatly/very
உணர்ந்து,O,verb meaning understanding/realizing
வசித்ததை,O,past participle meaning the chopping/the cutting
கண்டம்,O,noun meaning pieces/fragments
ஆக,O,adverb meaning as/becoming
மாதவர்,PERSON,great sages
மனைவியர்,PERSON,wives
நிறைவயின்,O,noun meaning in their wombs
வசி,O,noun meaning carrying/keeping
தடி,O,noun meaning piece/fragment
சமைப்பின்,O,conditional verb meaning if they make mature/to carry
சாலார்,O,negative verb meaning they would not agree
தானே,O,adverb meaning itself/by itself
தரிக்க,O,verb meaning to bear/to sustain
என,O,quotative particle meaning thus
அவர்,PERSON,they (sages)
அவி,FOOD,offering/sacrificial offering
உடன்,O,adverb meaning together
பெய்தோரே,PERSON,they who threw/placed
அழல்,NATURE,fire
வேட்டு,O,verb meaning desiring/wanting
அவ்,O,pronoun meaning that
அவித்,FOOD,offering
தடவு,O,verb meaning caressing/nurturing
நிமிர்,O,adjective meaning rising/tall
முத்தீ,NATURE,three fires (sacrificial fires)
ப்பேணிய,O,past participle meaning fostered/nurtured
மன்,O,expletive
எச்சில்,O,noun meaning leftover/remnant
வடவயின்,NORTH, in the north
விளங்கு,O,adjective meaning flourishing/bright
ஆல்,O,noun meaning sky (from ஆரல்)
உறை,O,verb meaning dwelling/living
எழு,O,numeral meaning seven
மகளிருள்,PERSON,among the women
கடவுள்,DEITY,divine
ஒரு,O,adjective meaning one
மீன்,STAR,star (Arundathi)
சாலினி,PERSON,Arundathi (virtuous star)
ஒழிய,O,verb meaning except/other than
அறுவர்,PERSON,six persons
மற்றையோரும்,PERSON,the others
அந்,O,pronoun meaning that
நிலை,O,noun meaning state/condition
அயின்றனர்,O,verb meaning they took/they received
மறு,O,noun meaning blemish/fault
அறு,O,adjective meaning without/faultless
கற்பின்,O,noun meaning with chastity/virtue
மாதவர்,PERSON,great sages
மனைவியர்,PERSON,wives
நிறைவயின்,O,noun meaning in their wombs
வழாஅது,O,negative verb meaning not failing/without fail
நிற்,O,pronoun meaning you (accusative)
சூலினரே,PERSON,they became pregnant with you
நிவந்து,O,verb meaning rising/being lofty
ஓங்கு,O,verb meaning rising/being tall
இமயத்து,MOUNTAIN,in the Himalayas
நீலப்,FLOWER,blue water lily
பைஞ்சுனை,WATERBODY,fresh pond/spring
ப்பயந்தோர்,PERSON,they gave birth
என்ப,O,verb meaning they say
பதுமத்து,FLOWER,in the lotus
பாயல்,O,noun meaning bed
பெரும்,O,adjective meaning great
பெயர்,O,noun meaning name/fame
முருக,PERSON,O Lord Murukan
நிற்,O,pronoun meaning you (accusative)
பயந்த,O,past participle meaning gave birth to
ஞான்றே,O,noun with expletive meaning on the day
அரிது,O,adjective meaning difficult/rare
அமர்,O,adjective meaning beautiful/fitting
சிறப்பின்,O,noun meaning with greatness/splendor
அமரர்,DEITY,celestials/gods
செல்வன்,PERSON,lord/chief (Indiran)
எரி,NATURE,fire/flame
உமிழ்,O,verb meaning emitting
வச்சிரம்,WEAPON,weapon/vajra
கொண்டு,O,verb meaning taking/holding
இகந்து,O,verb meaning crossing/with enmity
வந்து,O,verb meaning coming
எறிந்தென,O,verb meaning threw/attacked
அறு,O,numeral meaning six
வேறு,O,adjective meaning different/separate
துணியும்,O,verb meaning becoming pieces
அறுவர்,PERSON,six persons
ஆகி,O,verb meaning becoming
ஒருவனை,PERSON,you became one
வாழி,O,verb meaning long live
ஓங்கு,O,adjective meaning great/lofty
விறல்,O,noun meaning victory
சேஎய்,PERSON,O Murukan
ஆரா,O,negative adjective meaning immature/not full
உடம்பின்,PERSON,with body
நீ,PERSON,you
அமர்ந்து,O,verb meaning being seated/being
விளையாடிய,O,past participle meaning played
போரால்,NATURE,by/through battle
வறுங்கைக்கு,PERSON,to empty hands
புரந்தரன்,PERSON,Indiran
உடைய,O,adjective meaning who ran away/having
அல்லல்,O,noun meaning distress/sorrow
இல்,O,negative particle meaning without
அனலன்,DEITY,fire god
தன்,O,pronoun meaning his own
மெய்யின்,PERSON,from his body
பிரித்து,O,verb meaning splitting/dividing
செல்வ,O,adjective meaning wealthy/prosperous
வாரணம்,ANIMAL,rooster/cock
கொடுத்தோன்,PERSON,he gave
வானத்து,NATURE,in the sky/celestial world
வளம்,O,noun meaning wealth/prosperity
கெழு,O,adjective meaning possessing/abounding
செல்வன்,PERSON,wealthy lord (Indiran)
தன்,O,pronoun meaning his own
மெய்யின்,PERSON,from his body
பிரித்து,O,verb meaning splitting/dividing
திகழ்,O,adjective meaning bright/shining
பொறிப்,O,noun meaning spotted
பீலி,BIRD,peacock feather/plume
அணி,O,adjective meaning beautiful
மயில்,BIRD,peacock
கொடுத்தோன்,PERSON,he gave
திருந்து,O,adjective meaning perfect/righteous
கோல்,O,noun meaning rod/scepter
ஞமன்,DEITY,Yaman
தன்,O,pronoun meaning his own
மெய்யின்,PERSON,from his body
பிரிவித்து,O,verb meaning splitting/dividing
இருங்,O,adjective meaning dark/large
கண்,PERSON,eye
வெள்,O,adjective meaning white
யாட்டு,ANIMAL,goat
எழில்,O,adjective meaning beautiful
மறி,ANIMAL,young goat/lamb
கொடுத்தோன்,PERSON,he gave
ஆஅங்கு,O,adverb meaning there (with expletive)
அவரும்,PERSON,him and others
பிறரும்,PERSON,others
அமர்ந்து,O,verb meaning peacefully/agreeing
படை,WEAPON,weapons
அளித்த,O,past participle meaning gave/bestowed
மறியும்,ANIMAL,goat
மஞ்ஞையும்,BIRD,peacock
வாரணச்,ANIMAL,rooster/cock
சேவலும்,BIRD,rooster/cock
பொறி,O,adjective meaning spotted
வரிச்,O,adjective meaning lined/striped
சாபமும்,WEAPON,bow
மரனும்,WEAPON,wooden club
வாளும்,WEAPON,sword
செறி,O,adjective meaning dense/thick
இலை,WEAPON,spear blade/leaf
ஈட்டியும்,WEAPON,spear
குடாரியும்,WEAPON,axe
கணிச்சியும்,WEAPON,battle axe
தெறு,O,adjective meaning hot/scorching
கதிர்க்,NATURE,ray
கனலியும்,WEAPON,battle axe with hot rays
மாலையும்,OBJECT,garland
மணியும்,OBJECT,gems/jewels
வேறு,O,adjective meaning different
வேறு,O,adjective meaning different
உருவின்,O,noun meaning with forms/shapes
இவ்,O,pronoun meaning these
ஆறு,O,numeral meaning six
இரு,O,numeral meaning two
கைக்,PERSON,hands
கொண்டு,O,verb meaning having/taking
மறு,O,noun meaning blemish/fault
இல்,O,negative particle meaning without/faultless
துறக்கத்து,PLACE,in the celestial world
அமரர்,DEITY,celestials/gods
செல்வன்,PERSON,lord (Indiran)
தன்,O,pronoun meaning his
பொறி,O,adjective meaning spotted/speckled
வரிக்,O,adjective meaning lined/striped
கொட்டையொடு,FLOWER,from the center of a flower
புகழ்,O,noun meaning fame/glory
வரம்பு,O,noun meaning limit/boundary
இகந்தோய்,PERSON,O lord who went beyond
poem6,,
புகை,O,noun meaning fragrant smoke/incense
பூ,FLOWER,flower
அவி,FOOD,offering/sacrificial offering
ஆராதனை,O,noun meaning worship/offering
அழல்,NATURE,fire/flame
பல,O,adjective meaning many
ஏந்தி,O,verb meaning carrying
நகை,O,noun meaning smile/laughter
அமர்,O,adjective meaning desirable/loving
காதலரை,PERSON,lovers/beloved ones
நாளணிக்,O,adverb meaning with festive day clothes
கூட்டும்,O,verb meaning causing to dress/unite
வகை,O,noun meaning manner/way
சாலும்,O,adjective meaning fitting/abundant
வையை,WATERBODY,Vaiyai river
வரவு,O,noun meaning arrival/coming
தொடி,OBJECT,bangles
தோள்,PERSON,arms
செறிப்ப,O,verb meaning to be tight
தோள்,PERSON,arms
வளை,OBJECT,bangles
இயங்க,O,verb meaning to move/to be loose
கொடி,PLANT,thoyyil vine design
சேரா,O,adverbial participle meaning mixing/smudging
திருக்,O,adjective meaning sacred/beautiful
கோவை,OBJECT,waist ornament
காழ்,O,noun meaning thread/string
கொள,O,verb meaning to take/to break revealing
தொகு,O,adjective meaning collected/gathered
கதிர்,NATURE,ray
முத்துத்,OBJECT,pearl
தொடை,OBJECT,strand/necklace
கலிழ்பு,O,verb meaning mixing/becoming dull
மழுக,O,verb meaning to become dull/to smear
உகிரும்,O,noun meaning nails
கொடிறும்,O,noun meaning cheeks
உண்ட,O,past participle meaning having/eaten
செம்பஞ்சியும்,OBJECT,red coloring/paste
நகில்,O,noun meaning rounded breasts
அணி,O,noun meaning decoration/beauty
அளறு,O,noun meaning mud/paste
நனி,O,adverb meaning greatly/abundantly
வண்டல்,O,noun meaning mud/slush
மண்ட,O,verb meaning to flow/to spread
இலையும்,PLANT,leaf/leaf garland
மயிரும்,O,noun meaning hair
ஈர்ஞ்,O,adjective meaning wet/moist
சாந்து,OBJECT,sandal paste
நிழத்த,O,verb meaning to erase/to rub off
முலையும்,PERSON,breasts
மார்பும்,PERSON,chest
முயங்கு,O,verb meaning embracing
அணி,OBJECT,jewels/ornaments
மயங்க,O,verb meaning to tangle/to mix
விருப்பு,O,noun meaning desire/love
ஒன்றுபட்டவர்,PERSON,those united/lovers
உளம்,O,noun meaning mind/heart (இடைக்குறை)
நிறை,O,noun meaning fullness/modesty
உடைத்தென,O,verb meaning was broken
வரைச்சிறை,STRUCTURE,dams/bunds
உடைத்ததை,O,verb meaning broke
வையை,WATERBODY,Vaiyai
வையைத்,WATERBODY,Vaiyai's
திரைச்சிறை,WATERBODY,wave-like flowing/waves
உடைத்தன்று,O,verb meaning broke
கரைச்சிறை,STRUCTURE,banks as protection
அறைக,O,verb meaning to protect/to warn
எனும்,O,verb meaning saying/thus
உரைச்சிறை,O,noun meaning words as protection
ப்பறை,OBJECT,parai drum
எழ,O,verb meaning to rise/to sound
ஊர்,PLACE,town/people
ஒலித்தன்று,O,verb meaning raised uproar
அன்று,O,adverb meaning on that day
போர்,NATURE,battle
அணியின்,O,noun meaning in the battle teams
புகர்,O,adjective meaning spotted
முகம்,ANIMAL,face (elephant)
சிறந்தென,O,verb meaning like they were splendid
நீர்,WATERBODY,water
அணி,O,noun meaning decoration/beauty
அணியின்,O,noun meaning in the teams/groups
நிரை,O,noun meaning row/line
நிரை,O,noun meaning row/line
பிடி,ANIMAL,female elephant
செல,O,verb meaning to go/to be (இடைக்குறை)
ஏர்,O,noun meaning beauty/plough
அணி,O,noun meaning decoration/beauty
அணியின்,O,noun meaning in the teams/groups
இளையரும்,PERSON,young men
இனியரும்,PERSON,beloved women
ஈர்,O,adjective meaning wet/moist
அணி,CLOTHING,clothes suitable for bathing
அணியின்,O,noun meaning wearing
இகல்,O,noun meaning battle/fight
மிக,O,adverb meaning greatly
நவின்று,O,verb meaning loving/desiring
தணி,O,adjective meaning cool
புனல்,WATERBODY,water
ஆடும்,O,verb meaning playing/bathing
தகை,O,noun meaning splendor/beauty
மிகு,O,adjective meaning great
போர்க்கண்,NATURE,on the battlefield
துணி,O,adjective meaning clear/pure
புனல்,WATERBODY,water
ஆக,O,adverb meaning as/becoming
துறை,WATERBODY,port/shore
வேண்டும்,O,verb meaning desiring
மைந்தின்,O,noun meaning with strength
அணி,O,noun meaning teams/groups
அணி,O,noun meaning teams/groups
ஆகிய,O,past participle meaning becoming
தாரர்,WARRIOR,those with weapons/garlands (foot soldiers)
கருவியர்,WEAPON,those with weapons
அடு,O,adjective meaning attacking/flowing
புனலது,WATERBODY,of the flowing water
செல,O,verb meaning to go/to flow (இடைக்குறை)
அவற்றை,O,pronoun meaning those things
இழிவர்,O,verb meaning they remove/cast off
கைம்மான்,ANIMAL,elephant (with trunk/hand)
எருத்தர்,PERSON,those on the necks (of elephants)
கலி,O,adjective meaning proud/celebrated
மட,O,adjective meaning delicate/gentle
மாவினர்,ANIMAL,those with horses
நெய்ம்,O,noun meaning oil/ghee
மாண்,O,adjective meaning excellent/fit
சிவிறியர்,OBJECT,those with squirting pipes
நீர்,WATERBODY,water
மணக்,O,adjective meaning fragrant
கோட்டினர்,OBJECT,those with horns
வெண்கிடை,PLANT,pith (sola pith plant)
மிதவையர்,OBJECT,those with floats
நன்,O,adjective meaning good/fine
கிடைத்,PLANT,with pith
தேரினர்,VEHICLE,those with chariots
சாரிகை,O,noun meaning crowd/throng
மறுத்து,O,verb meaning not avoiding
தண்டா,O,negative adjective meaning not avoiding/not retreating
உண்டிகை,O,noun meaning crowd/throng
ஓர்,O,adjective meaning one/same
இயவு,O,noun meaning path/way
உறுத்தர,O,verb meaning crushing/pressing
ஊர்,PLACE,town
ஊர்பு,O,verb meaning riding
இடம்,PLACE,space/place
திரீஇ,O,verb meaning moving around
சேரி,PLACE,community/neighborhood
இளையர்,PERSON,young people
செல,O,verb meaning to go (இடைக்குறை)
அரு,O,adjective meaning difficult/rare
நிலையர்,PERSON,those in that state/condition
வலியர்,PERSON,those with strength
அல்லோர்,PERSON,those without/others
துறை,WATERBODY,shore
துறை,WATERBODY,shore
அயர,O,verb meaning to play
மெலியர்,PERSON,those who are weak
அல்லோர்,PERSON,those without/others
விருந்து,O,adjective meaning new
புனல்,WATERBODY,water
அயர,O,verb meaning to play
சாறும்,O,noun meaning aromatic liquids
சேறும்,O,noun meaning pastes (sandal/vermillion)
நெய்யும்,O,noun meaning oil/ghee
மலரும்,FLOWER,flowers
நாறுபு,O,verb meaning being fragrant
நிகழும்,O,verb meaning occurring/happening
யாறு,WATERBODY,river
வரலாறு,O,noun meaning nature/way of coming
நாறுபு,O,verb meaning being fragrant
நிகழும்,O,verb meaning occurring/happening
யாறு,WATERBODY,river
கண்டு,O,verb meaning seeing
அழிந்து,O,verb meaning being ruined/thinking ruined
வேறுபடு,O,adjective meaning different/impure
புனல்,WATERBODY,water
என,O,quotative particle meaning thus
விரை,O,noun meaning fragrance/aromatic things
மண்ணுக்,O,noun meaning washed off bodies
கலிழை,O,noun meaning mixed/impure water
புலம்,O,noun meaning field/Vedas
புரி,O,verb meaning desiring/practicing
அந்தணர்,PROFESSION,Brahmins
கலங்கினர்,O,verb meaning they were agitated/confused
மருண்டு,O,verb meaning being disturbed/frightened
மாறு,O,adjective meaning changed/faded
மென்மலரும்,FLOWER,delicate flowers
தாரும்,OBJECT,garlands
கோதையும்,OBJECT,garlands (worn on head)
வேரும்,PLANT,roots
தூரும்,PLANT,root-like formations near base
காயும்,FRUIT,unripe fruits/vegetables
கிழங்கும்,PLANT,tubers
பூரிய,O,adjective meaning lowly/mean
மாக்கள்,PERSON,people
உண்பது,FOOD,food
மண்டி,O,past participle meaning left over
நார்,OBJECT,fiber/cloth-like fiber
அரி,O,verb meaning filtering
நறவம்,FOOD,liquor/alcohol
உகுப்ப,O,verb meaning pouring
நலன்,O,noun meaning beauty/goodness
அழிந்து,O,verb meaning being ruined
வேறாகின்று,O,verb meaning becoming different
இவ்,O,pronoun meaning this
விரி,O,adjective meaning wide/spreading
புனல்,WATERBODY,water/flood
வரவு,O,noun meaning arrival
என,O,quotative particle meaning thus
சேறு,O,noun meaning slush/mixed paste
ஆடு,O,verb meaning playing/moving
புனலது,WATERBODY,of the water
செலவு,O,noun meaning going/flowing nature
வரை,MOUNTAIN,mountain
அழி,O,verb meaning destroying/going past limits
வால்,O,adjective meaning white/bright
அருவி,WATERBALL,waterfall
வா,O,particle (part of compound)
தாலாட்ட,O,verb meaning creating sounds/lulling
கரை,STRUCTURE,bank
அழி,O,verb meaning destroying/ruining
வால்,O,adjective meaning white/pure
அருவிக்,WATERBALL,waterfall's
கால்,NATURE,wind/air
பாராட்ட,O,verb meaning to blow/to caress
இரவில்,NATURE,at night
புணர்ந்தோர்,PERSON,those who united
இடைமுலை,PERSON,breasts (space between)
அல்கல்,O,verb meaning lying on
புரைவது,O,adjective meaning fitting/suitable
பூந்தாரான்,PERSON,one with flower garland (Murukan)
குன்று,MOUNTAIN,mountain
என,O,quotative particle meaning thus
கூடார்க்கு,PERSON,to those who did not go
உரையோடு,O,noun meaning with words/telling
இழிந்து,O,verb meaning flowing
உராய்,O,verb meaning spreading
ஊரிடை,PLACE,in the town/streets
ஓடி,O,verb meaning running/flowing
சலப்படையான்,PERSON,Kaman/love god with flower arrow
இரவில்,NATURE,at night
தாக்கியது,O,past participle meaning attacked
எல்லாம்,O,pronoun meaning everything/all
புலப்பட,O,verb meaning to be revealed
புன்அம்,O,adjective meaning beautiful (புன் + அம்)
புலரியின்,NATURE,in the early morning
நிலப்பட,O,verb meaning on the earth
த்,O,link consonant
தான்,O,pronoun meaning itself
மலர்ந்தன்றே,O,verb with expletive meaning it has spread/blossomed
தமிழ்,O,adjective meaning Tamil
வையைத்,WATERBODY,Vaiyai
தண்ணம்,O,adjective meaning cool and beautiful
புனல்,WATERBODY,water/flood
விளியா,O,negative adjective meaning uninvited
விருந்து,PERSON,guest
விழுவார்க்கு,PERSON,to those who love/desire
கொய்தோய்,PERSON,you who plucked
தளிர்,PLANT,sprout/tender leaf
அறிந்தாய்,PERSON,you (who) knew/are aware
தாம்,O,pronoun meaning they/you (honorific)
இவை,O,pronoun meaning these
பணிபு,O,adjective meaning humble
ஒசி,O,adjective meaning broken/ruined
பண்ப,PERSON,O you of (broken) love nature
பண்டெல்லாம்,O,adverb meaning in the past
நனி,O,adverb meaning abundantly/greatly
உருவத்து,O,noun meaning to the shape
என்னோ,O,interrogative meaning what is the reason
துவள்,O,adjective meaning wilted/faded
கண்டீ,O,verb meaning you see/look at
எய்தும்,O,verb meaning known/obtained
களவு,O,noun meaning secret love
இனி,O,adverb meaning now
நின்,O,pronoun meaning your
மார்பின்,PERSON,on the chest
தார்,OBJECT,garland
வாட,O,verb meaning to wilt
க்கொய்ததும்,O,verbal noun meaning the plucking
வாயாளோ,PERSON,will she refuse/not accept
கொய்,O,past participle meaning plucked
தழை,PLANT,sprout/tender leaf
கை,PERSON,hand
பற்றி,O,verb meaning holding/grasping
ச்செய்ததும்,O,verbal noun meaning the making/doing
வாயாளோ,PERSON,will she refuse/not accept
செப்பு,O,verb meaning tell/speak
புனை,O,adjective meaning made/hand-made
புணை,OBJECT,raft
ஏற,O,verb meaning to climb/to board
த்தாழ்த்ததை,O,verb meaning delayed/became late
தளிர்,PLANT,sprouts/tender leaves
இவை,O,pronoun meaning these
நீரின்,WATERBODY,by the water
துவண்ட,O,past participle meaning wilted/became damp
சேஎய்,PERSON,Murukan
குன்றம்,MOUNTAIN,mountain/Thirupparankundram
காமர்,O,adjective meaning beautiful/desirable
பெருக்கு,O,noun meaning flood/abundance
அன்றோ,O,particle with expletive meaning isn't it
வையை,WATERBODY,Vaiyai
வரவு,O,noun meaning arrival/coming
ஆம்,O,interjection meaning yes
ஆம்,O,interjection meaning yes
அது,O,pronoun meaning that
ஒக்கும்,O,verb meaning is fitting/resembles
காதல்,O,noun meaning love
அம்,O,adjective meaning beautiful
காமம்,O,noun meaning love/desire
ஒருக்க,O,verb meaning to shrink/to contract
ஒரு,O,adjective meaning one/same
தன்மை,O,noun meaning nature/state
நிற்குமோ,O,interrogative verb meaning will it stay
ஒல்லை,O,adverb meaning swiftly/quickly
ச்சுருக்கமும்,O,noun meaning shrinking/contraction
ஆக்கமும்,O,noun meaning growth/expansion
சூள்,O,noun meaning oath/vow
உறல்,O,verb meaning do not swear
வையைப்,WATERBODY,Vaiyai's
பெருக்கு,O,noun meaning flood
அன்றோ,O,particle with expletive meaning isn't it
பெற்றாய்,PERSON,you got/you made
பிழை,O,noun meaning mistake/error
அருகு,O,adverb meaning nearby
பதியாக,PLACE,as the town
அம்பியில்,VEHICLE,in the boat
தாழ்ப்பிக்கும்,O,verb meaning delayed/made late
குருகு,BIRD,heron/egret/stork
இரை,FOOD,food/prey
தேர,O,verb meaning to search
க்கிடக்கும்,O,verb meaning lying/reduced state
பொழி,O,verb meaning pouring
காரில்,NATURE,in the rainy season
இன்,O,adjective meaning sweet
இளவேனில்,NATURE,early summer
இது,O,pronoun meaning this
அன்றோ,O,particle with expletive meaning isn't it
வையை,WATERBODY,Vaiyai
நின்,O,pronoun meaning your
வையை,WATERBODY,Vaiyai
வயமாக,O,adverb meaning in the mind
வை,O,verb meaning place/think
செல்,O,verb meaning flowing
யாற்றுத்,WATERBODY,river's
தீம்,O,adjective meaning sweet
புனலில்,WATERBODY,in the water
செல்,O,verb meaning floating
மரம்,OBJECT,wood/log
போல,O,comparative particle meaning like
வவ்வு,O,verb meaning seizing/grasping
வல்லார்,PERSON,those capable of
புணை,OBJECT,raft
ஆகிய,O,past participle meaning becoming
மார்பினை,PERSON,chest (your)
என்னும்,O,verb meaning saying/without
பனியாய்,NATURE,without fear/without shame
இரவெல்லாம்,NATURE,all night
வைகினை,O,verb meaning you stayed/you were
வையை,WATERBODY,Vaiyai
உடைந்த,O,past participle meaning broken
மடை,STRUCTURE,sluice
அடைத்தக்கண்ணும்,O,verbal noun meaning after blocking
பின்னும்,O,adverb meaning again/still
மலிரும்,O,verb meaning trickling/leaking
பிசிர்,O,noun meaning drops of water
போல,O,comparative particle meaning like
இன்னும்,O,adverb meaning still
அனற்றினை,O,noun meaning sorrow/pain
துன்பு,O,noun meaning sorrow
அவிய,O,verb meaning to cease/to end
நீ,PERSON,you
அடைந்தக்கண்ணும்,O,verbal noun meaning even though you stayed
பனித்துப்,NATURE,with cold/tears
பனி,NATURE,dew/tears
வாரும்,O,verb meaning coming/falling
கண்ணவர்,PERSON,those with eyes
நெஞ்சம்,O,noun meaning heart/mind
கனற்றுபு,O,verb meaning burning/in sorrow
காத்தி,O,verb meaning you avoid/you protect
வரவு,O,noun meaning coming/arrival
poem7,,
திரை,WATERBODY,wave
இரும்,O,adjective meaning dark/huge
பனிப்,NATURE,cold
பௌவம்,WATERBODY,ocean
செவ்விதா,O,adverb meaning perfectly/beautifully
அற,O,adverb meaning completely/totally
முகந்து,O,verb meaning absorbing/taking
உர,O,adjective meaning strong/powerful
உரும்,NATURE,thunder
உடன்று,O,verb meaning being angry
ஆர்ப்ப,O,verb meaning roaring
ஊர்,PLACE,town
பொறை,O,noun meaning burden/weight
கொள்ளாது,O,negative verb meaning not bearing/unable
கரை,STRUCTURE,shore/bank
உடை,O,adjective meaning broken
குளமென,WATERBODY,as a tank/pond
கழன்று,O,verb meaning loosening/breaking
வான்,NATURE,sky/cloud
வயிறு,O,noun meaning stomach
அழிபு,O,verb meaning breaking/tearing
வரை,MOUNTAIN,mountain
வரை,MOUNTAIN,mountain
தொடுத்த,O,past participle meaning connected/linked
வயங்கு,O,adjective meaning bright/splendid
வெள்,O,adjective meaning white
அருவி,WATERBALL,waterfall
இரவு,NATURE,night
இருள்,NATURE,darkness
பகலாக,NATURE,as day
இடம்,PLACE,place/space
அரிது,O,adjective meaning difficult
செலவு,O,noun meaning going/flowing
என்னாது,O,negative verb meaning not considering
வலன்,O,noun meaning right side/victory
இரங்கு,O,verb meaning roaring/sounding
முரசின்,OBJECT,of the drum
தென்னவர்,PERSON,Pāndiyan king
உள்ளிய,O,past participle meaning desired/wished
நிலன்,PLACE,land
உற,O,adverb meaning reaching/touching
நிமிர்,O,adjective meaning rising/straight
தானை,WARRIOR,army
நெடு,O,adjective meaning long
நிரை,O,noun meaning row/line
நிவப்பு,O,noun meaning rising/height
அன்ன,O,adjective meaning like/resembling
பெயலான்,NATURE,by the rain
பொலிந்து,O,verb meaning flourishing
பெரும்,O,adjective meaning great/large
புனல்,WATERBODY,water/flood
பல,O,adjective meaning many
நந்த,O,verb meaning to flourish/to increase
நலன்,O,noun meaning goodness/prosperity
நந்த,O,verb meaning to flourish/to increase
நாடு,PLACE,country
அணி,O,noun meaning beauty
நந்த,O,verb meaning to flourish/to increase
புலன்,O,noun meaning fields/land
நந்த,O,verb meaning to flourish/to increase
வந்தன்று,O,verb meaning came
வையைப்,WATERBODY,Vaiyai
புனல்,WATERBODY,water/flood
நளி,O,adjective meaning dense/thick
இருஞ்,O,adjective meaning dark/huge
சோலை,FOREST,grove/forest
நரந்தம்,PLANT,narantham grass (fragrant grass)
தாஅய்,O,verb meaning spread (with expletive)
ஒளிர்,O,adjective meaning bright/shining
சினை,PLANT,branch
வேங்கை,PLANT,vengai tree (kino tree)
விரிந்த,O,past participle meaning open
இணர்,FLOWER,flower cluster
உதிரலொடு,O,noun meaning with falling
துளியின்,NATURE,by the rain/drops
உழந்த,O,past participle meaning suffering/hurting
தோய்வு,O,noun meaning soaking
அருஞ்,O,adjective meaning difficult/harsh
சிமைதொறும்,MOUNTAIN,in all the mountain peaks
வளி,NATURE,wind
வாங்கு,O,adjective meaning bent/curved
சினைய,PLANT,with branches
மா,O,adjective meaning great/tall
மரம்,PLANT,tree
வேர்,PLANT,root
கீண்டு,O,verb meaning uprooting
உயர்ந்துழி,MOUNTAIN,from the high places/mountains
உள்ளன,O,pronoun meaning those things/things there
பயம்பிடை,PLACE,in the valleys
ப்பரப்பி,O,verb meaning spreading
உழவர்,PROFESSION, farmers
களி,O,noun meaning happiness/joy
தூங்க,O,verb meaning to celebrate
முழவு,OBJECT,mulavu drum
பணை,OBJECT,panai drum
முரல,O,verb meaning to sound/to roar
ஆடல்,O,noun meaning dance
அறியா,O,negative adjective meaning not knowing
அரிவை,PERSON,young woman
போலவும்,O,comparative particle meaning like
ஊடல்,O,noun meaning sulking/quarreling
அறியா,O,negative adjective meaning not knowing
உவகையள்,PERSON,happy woman
போலவும்,O,comparative particle meaning like
வேண்டுவழி,O,adverb meaning wherever desired
நடந்து,O,verb meaning walking/flowing
தாங்கு,O,verb meaning containing/restraining
தடை,STRUCTURE,bank/obstruction
பொருது,O,verb meaning attacking/fighting
விதி,O,noun meaning rule/order
ஆற்றான்,O,adverb meaning according to the way
ஆக்கிய,O,past participle meaning created/made
மெய்க்,PERSON,body
கலவை,O,noun meaning mixture/paste
போல,O,comparative particle meaning like
பொது,O,adjective meaning common/general
நாற்றம்,O,noun meaning fragrance
உள்,O,postposition meaning inside
உள்,O,postposition meaning inside
கரந்து,O,verb meaning hiding/containing
புது,O,adjective meaning new
நாற்றம்,O,noun meaning fragrance
செய்கின்றே,O,verb meaning doing/making
செம்பூம்,O,adjective meaning red and beautiful
புனல்,WATERBODY,water
கவிழ்ந்த,O,past participle meaning leaping/rushing
புனலின்,WATERBODY,by the water
கயம்,WATERBODY,pond/stream
தண்,O,adjective meaning cool
கழுநீர்,FLOWER,water lily
அவிழ்ந்த,O,past participle meaning bloomed
மலர்,FLOWER,flower
மீது,O,postposition meaning on/upon
உற்றென,O,verb meaning happened/occurred
ஒரு,O,adjective meaning one
சார்,PLACE,side
மாதர்,PERSON,young women/girls
மடநல்லார்,PERSON,delicate/naive women
மணலின்,PLACE,on the sand
எழுதிய,O,past participle meaning drew/made
பாவை,OBJECT,doll
சிதைத்தது,O,past participle meaning ruined
என,O,quotative particle meaning thus
அழ,O,verb meaning to cry
ஒரு,O,adjective meaning one
சார்,PLACE,side
அக,O,adjective meaning inner/inside
வயல்,FIELD,field
இள,O,adjective meaning young/tender
நெல்,FOOD,paddy/rice
அரிகால்,FOOD,cut and stacked paddy stubble
சூடு,O,noun meaning stack/heap
தொகு,O,adjective meaning collected/gathered
புனல்,WATERBODY,water/flood
பரந்தென,O,verb meaning spread/flooded
த்,O,link consonant
துடி,OBJECT,thudi drum
பட,O,verb meaning to sound/to beat
ஒரு,O,adjective meaning one
சார்,PLACE,side
ஓதம்,WATERBODY,flood/tide
சுற்றியது,O,verb meaning surrounded
ஊர்,PLACE,town
என,O,quotative particle meaning thus
ஒரு,O,adjective meaning one
சார்,PLACE,side
கார்,NATURE,rain cloud
தூம்பு,O,noun meaning small hole
அற்றது,O,verb meaning broke/shattered
வான்,NATURE,sky/cloud
என,O,quotative particle meaning thus
ஒரு,O,adjective meaning one
சார்,PLACE,side
பாடுவார்,PROFESSION,bards/singers
பாக்கம்,PLACE,village
கொண்டென,O,verb meaning surrounded/took
ஆடுவார்,PROFESSION,dancers
சேரி,PLACE,street/village
அடைந்தென,O,verb meaning reached
கழனி,FIELD,field/canal
வந்து,O,verb meaning coming
கால்,WATERBODY,canal/water channel
கோத்தென,O,verb meaning flooded/entered
பழன,WATERBODY,pond/lake
வாளை,FISH,vālai fish (scabbard fish)
பாளை,PLANT,spathe (of palm tree)
உண்டென,O,verb meaning ate/nibbled
வித்து,O,verb meaning seed/sowing
இடு,O,past participle meaning placed/sown
புலம்,FIELD,field
மேடு,PLACE,sand dune/mound
ஆயிற்றென,O,verb meaning became
உணர்த்த,O,verb meaning to cause to understand
உணரா,O,negative adjective meaning not understanding
ஒள்ளிழை,PERSON,woman with bright jewels
மாதரை,PERSON,women
ப்புணர்த்திய,O,past participle meaning caused to unite
இச்சத்துப்,O,noun meaning desire/passion
பெருக்கத்தின்,O,noun meaning like a flood (with comparison)
துனைந்து,O,verb meaning rapidly
சினை,O,noun meaning branch/pregnancy
வளர்,O,verb meaning growing
வாளையின்,FISH,like the vālai fish
கிளையொடு,O,noun meaning with relatives
கெழீஇ,O,verb meaning together/with (with expletive)
பழன,WATERBODY,field/pond
உழவர்,PROFESSION,farmers
பாய்,O,adjective meaning flowing/rushing
புனல்,WATERBODY,water/flood
பரத்தந்து,O,verb meaning spread/overflowed
இறுவரை,MOUNTAIN,crumbling lower parts of mountain
புரையுமாறு,O,verb meaning like resembling
இரு,O,adjective meaning two
கரை,STRUCTURE,banks
ஏமத்து,O,noun meaning within protection/boundaries
வரை,MOUNTAIN,mountain peak
புரை,O,comparative particle meaning like
உருவின்,O,noun meaning with shape/form
நுரை,WATERBODY,foam
பல,O,adjective meaning many
சுமந்து,O,verb meaning carrying
பூ,FLOWER,flower
வேய்ந்து,O,verb meaning decorated
பொழில்,FOREST,grove
பரந்து,O,verb meaning spreading
துனைந்து,O,verb meaning rapidly
ஆடுவார்,PERSON,those who play/bathe
ஆய்,O,adjective meaning chosen/beautiful
கோதையர்,PERSON,women with garlands
அலர்,FLOWER,blossom/flower
தண்,O,adjective meaning cool
தாரவர்,PERSON,those wearing cool garlands
காதில்,PERSON,on the ears
தளிர்,PLANT,sprout/tender leaf
செரீஇ,O,verb meaning placing (with expletive)
கண்ணி,OBJECT,garland/head strand
பறித்து,O,verb meaning seizing/plucking
கை,OBJECT,bangles
வளை,OBJECT,bangles
ஆழி,OBJECT,ring
தொய்யகம்,OBJECT,head ornament
புனை,O,adjective meaning beautiful/worn
துகில்,CLOTHING,cloth/garment
மேகலை,OBJECT,waist ornament
காஞ்சி,OBJECT,hip ornament
வாகுவலயம்,OBJECT,arm ornament/armlet
எல்லம்,O,pronoun meaning all these
கவரும்,O,verb meaning seizing/taking
இயல்பிற்றாய்,O,noun meaning having the nature
தென்னவன்,PERSON,Pāndiyan king
ஒன்னார்,PERSON,enemies
உடை,O,adjective meaning having/possessing
புலம்,PLACE,land/country
புக்கற்றால்,O,verb meaning like entering
மாறு,O,verb meaning killing/defeating
அட்ட,O,past participle meaning killed/destroyed
தானையான்,WARRIOR,with army
வையை,WATERBODY,Vaiyai
வனப்பு,O,noun meaning beauty
புரிந்த,O,adjective meaning esteemed/desired
தகையினான்,PERSON,by the esteemed man (Pāndiyan king)
யாறு,WATERBODY,river
ஆடுவாருள்,PERSON,among those who play/bathe
துரந்து,O,verb meaning squirting
புனல்,WATERBODY,water
தூவ,O,verb meaning to spray/to sprinkle
தூ,O,adjective meaning pure
மலர்க்,FLOWER,flower
கண்கள்,PERSON,eyes
அமைந்தன,O,verb meaning were calm/accepting
ஆங்கண்,O,adverb meaning there
அவருள்,PERSON,among them
ஒருத்தி,PERSON,one woman
கை,PERSON,hand
புதைஇய,O,past participle meaning covering (with expletive)
அவளை,PERSON,her (accusative)
ஏக்கழுத்து,O,adverb meaning arrogantly/proudly
நாணான்,OBJECT,with string/gold chain
கரும்பின்,PLANT,with sugarcane patterns (thoyyil)
அணை,OBJECT,pillow-like
மென்தோள்,PERSON,delicate shoulders/arms
போக்கி,O,verb meaning hugging/embracing
ச்சிறைப்,PERSON,as captive
பிடித்தாள்,O,verb meaning she captured
ஓர்,O,adjective meaning one
பொன்னங்கொம்பு,PERSON,woman like a golden vine
பரிந்து,O,verb meaning feeling sorry
அவளைக்,PERSON,her (accusative)
கைப்,PERSON,hand/embrace
பிணை,O,noun meaning bond/captivity
நீக்குவான்,O,verb meaning to release
பாய்வாள்,O,verb meaning she dived
இரும்பு,OBJECT,iron
ஈர்,O,adjective meaning tiny/green
வடி,FRUIT,tiny mango
ஒத்து,O,verb meaning resembling
மை,OBJECT,kohl
விளங்கும்,O,verb meaning shining/bright
கண்,PERSON,eye
ஒளியால்,NATURE,by brightness
செம்மைப்,O,adjective meaning red
புதுப்,O,adjective meaning new
புனல்,WATERBODY,water
சென்று,O,verb meaning going
இருள்,NATURE,darkness
ஆயிற்றே,O,verb with expletive meaning became
வையைப்,WATERBODY,Vaiyai's
பெருக்கு,O,noun meaning flood
வடிவு,O,noun meaning beauty/form
விரும்பிய,O,past participle meaning desired
ஈரணி,CLOTHING,wet clothes/clothes for bathing
மெய்,PERSON,body
ஈரம்,O,noun meaning wetness
தீர,O,verb meaning to end
சுரும்பு,INSECT,bee
ஆர்க்கும்,O,verb meaning swarming/humming
சூர்,O,adjective meaning strong/potent
நறா,FOOD,liquor/alcohol
ஏந்தினாள்,O,verb meaning she lifted/drank
கண்,PERSON,eye
நெய்தல்,FLOWER,water lily/neytal flower
பேர்,O,adjective meaning great
மகிழ்,O,noun meaning happiness
செய்யும்,O,verb meaning giving/causing
பெரு,O,adjective meaning great/large
நறா,FLOWER,naravam flower
ப்பேணியவே,O,verb meaning resembled (as comparison)
கூர்,O,adjective meaning sharp/strong
நறா,FOOD,liquor/alcohol
ஆர்ந்தவள்,PERSON,woman who drank
கண்,PERSON,eye
கண்,PERSON,eye
இயல்,O,noun meaning nature
கண்டு,O,verb meaning seeing
ஏத்தி,O,verb meaning praising
காரிகை,O,noun meaning beautiful looks
நீர்,WATERBODY,water
நோக்கினைப்,PERSON,you with looks
பாண்,PROFESSION,bard
ஆதரித்துப்,O,verb meaning desiring/loving
பல,O,adjective meaning many
பாட,O,verb meaning to sing
அப்,O,pronoun meaning those
பாட்டுப்,O,noun meaning song
பேணாது,O,negative verb meaning not desiring/confused
ஒருத்தி,PERSON,one woman
பேதுற,O,verb meaning to be sad/confused
ஆயிடை,O,adverb meaning there
என்னை,O,interrogative pronoun meaning what
வருவது,O,verbal noun meaning will happen
எனக்கு,O,pronoun meaning to me
என்று,O,quotative particle meaning thus
இனையா,O,verb meaning he was sad/thought
நன்,O,adjective meaning good
ஞெமர்,O,adjective meaning wide/broad
மார்பன்,PERSON,man with chest
நடுக்குற,O,verb meaning to tremble
நண்ணி,O,verb meaning approaching
சிகை,O,noun meaning anger/rage
கிடந்த,O,past participle meaning left over/remaining
ஊடலின்,O,noun meaning because of sulking
செங்கண்,PERSON,red eyes
சேப்பு,O,noun meaning redness
ஊர,O,verb meaning to spread
வகை,O,noun meaning group/team
தொடர்ந்த,O,past participle meaning having/following
ஆடலுள்,O,noun meaning among those bathing
நல்லவர்,PERSON,good women/women
தம்முள்,O,pronoun meaning among themselves
பகை,O,noun meaning enmity/anger
தொடர்ந்து,O,verb meaning following/having
கோதை,OBJECT,garland
பரியூஉ,O,verb meaning breaking/tearing (with expletive)
நனி,O,adverb meaning greatly
வெகுண்டு,O,verb meaning being enraged
யாறு,WATERBODY,river
ஆடு,O,verb meaning playing/bathing
மேனி,PERSON,body
அணி,O,noun meaning beauty/decoration
கண்ட,O,past participle meaning seeing
தன்,O,pronoun meaning her/his
அன்பன்,PERSON,lover/husband
சேறு,OBJECT,sandal paste
ஆடு,O,adjective meaning smeared
மேனி,PERSON,body
திருநிலத்து,PLACE,on the beautiful land
உய்ப்ப,O,verb meaning placing
சிரம்,PERSON,head
மிதித்து,O,verb meaning kicking
தீர்வு,O,noun meaning end/removal
இலதாக,O,negative adjectival phrase meaning not removing
செருவுற்றாள்,O,verb meaning she was in rage
செம்,O,adjective meaning red
புனல்,WATERBODY,water
ஊருடன்,PLACE,with the town/people
ஆடுங்கடை,O,verbal noun meaning while playing/bathing
poem8,,
மண்மிசை,PLACE,on the land
அவிழ்,O,adjective meaning blooming/open
துழாய்,PLANT,holy basil (Ocimum sanctum)
மலர்தரு,O,verb meaning blooming/abundant
செல்வத்துப்,PERSON,with great wealth (Thirumāl)
புள்மிசைக்,BIRD,on the bird
கொடியோனும்,PERSON,one with flag (Thirumāl)
புங்கவம்,ANIMAL,bull
ஊர்வோனும்,PERSON,one who rides (Sivan)
மலர்மிசை,FLOWER,on the lotus
முதல்வனும்,DEITY,Brahman (primal lord)
மற்று,O,adverb meaning then/also
அவனிடை,O,pronoun meaning from him
த்தோன்றி,O,verb meaning appearing
உலகு,PLACE,world
இருள்,NATURE,darkness
அகற்றிய,O,past participle meaning removed/dispelled
பதின்மரும்,DEITY,the twelve Āthityas
இருவரும்,DEITY,the two Aswin twins
மருந்து,O,noun meaning medicine/healing
உரை,O,verb meaning said/called
இருவரும்,DEITY,the two (Aswin twins)
திருந்து,O,adjective meaning perfect
நூல்,O,noun meaning learning/Vedas
எண்மரும்,DEITY,the eight Vasus
ஆதிரை,STAR,Āthirai star
முதல்வனின்,PERSON,from the lord (Sivan)
கிளந்த,O,past participle meaning said/spoken
நாதர்,DEITY,the lords/Rudras
பன்னொருவரும்,O,numeral meaning eleven
நன்,O,adjective meaning good
திசை,NATURE,directions
காப்போரும்,DEITY,guardian deities
யாவரும்,PERSON,everyone/all
பிறரும்,PERSON,others
அமரரும்,DEITY,celestials/gods
அவுணரும்,MYTH,asuras/demons
மேவரு,O,adjective meaning desirable/fitting
முதுமொழி,O,noun meaning ancient words/Vedas
விழுத்,O,adjective meaning great
தவ,O,noun meaning penance/austerity
முதல்வரும்,PERSON,great sages/primal ones
பற்றாகின்று,O,verb meaning staying/being place
நின்,O,pronoun meaning your
காரணமாக,O,adverb meaning because of/due to
பரங்குன்று,MOUNTAIN,Thirupparankundram
இமயக்,MOUNTAIN,Himalayan
குன்றம்,MOUNTAIN,mountain
நிகர்க்கும்,O,verb meaning resembles
இமயக்,MOUNTAIN,Himalayan
குன்றினில்,MOUNTAIN,in the mountain
சிறந்து,O,verb meaning excelling/being best
நின்,O,pronoun meaning your
ஈன்ற,O,past participle meaning gave birth to
நிரை,O,noun meaning row/line
இதழ்த்,FLOWER,petal (of lotus)
தாமரை,FLOWER,lotus
மின்,NATURE,lightning
ஈன்ற,O,past participle meaning gave birth to/produced
விளங்கு,O,adjective meaning bright
இணர்,FLOWER,cluster
ஊழா,O,negative adjective meaning not falling
ஒருநிலைப்,O,adjective meaning stable/always
பொய்கையோடு,WATERBODY,with the pond (Saravana poykai)
ஒக்கும்,O,verb meaning resembles
நின்,O,pronoun meaning your
குன்றின்,MOUNTAIN,in the mountain
அருவி,WATERBALL,waterfall
தாழ்,O,verb meaning flowing/staying
மாலைச்,O,noun meaning full/abundant
சுனை,WATERBODY,spring/pond
முதல்வ,PERSON,O first lord
நின்,O,pronoun meaning your
யானை,ANIMAL,elephant
முழக்கம்,O,noun meaning sound/trumpeting
கேட்ட,O,past participle meaning heard
கதியிற்றே,O,noun meaning nature/state (with expletive)
காரின்,NATURE,of the rain cloud/monsoon
குரல்,O,noun meaning sound/roar
குரல்,O,noun meaning sound
கேட்ட,O,past participle meaning heard
கோழி,BIRD,rooster/cock
குன்று,MOUNTAIN,mountain/hill
அதிர,O,verb meaning to tremble
க்கூவ,O,verb meaning to crow
மத,O,noun meaning rut/musth
நனி,O,adverb meaning greatly
வாரணம்,ANIMAL,elephant
மாறு,O,adverb meaning again and again
மாறு,O,adverb meaning again and again
அதிர்ப்ப,O,verb meaning to sound/trumpet
எதிர்குதிர்,O,noun meaning echo/reverberation
ஆகின்று,O,verb meaning becoming/happening
அதிர்ப்பு,O,noun meaning sound/echo
மலை,MOUNTAIN,mountain
முழை,MOUNTAIN,cave
ஏழ்புழை,OBJECT,seven holes (flute)
ஐம்புழை,OBJECT,five holes (flute)
யாழ்,OBJECT,yāzh (musical instrument)
இசை,O,noun meaning music
கேழ்த்து,O,adjective meaning like colors
அன்ன,O,adjective meaning like/resembling
இனம்,O,noun meaning swarm/group
வீழ்,O,verb meaning desiring
தும்பி,INSECT,bee/dragonfly
வண்டொடு,INSECT,with bees
மிஞிறு,INSECT,a kind of bee
ஆர்ப்ப,O,verb meaning humming/sounding
சுனை,WATERBODY,spring/pond
மலர,O,verb meaning to bloom
கொன்றை,FLOWER,laburnum flower
கொடி,PLANT, vine
இணர்,FLOWER,cluster
ஊழ்ப்ப,O,verb meaning blooming like vines
கொடி,PLANT,vine
மலர்,FLOWER,flower
மன்றல,O,adjective meaning with fragrance
மலர,O,verb meaning to bloom
மலர்,FLOWER,flower
காந்தள்,FLOWER,glory lily flower
வாய்,O,noun meaning mouth/opening
நாற,O,verb meaning to be fragrant
நன்று,O,adverb meaning well/good
அவிழ்,O,verb meaning blooming
பல்,O,adjective meaning many
மலர்,FLOWER,flower
நாற,O,verb meaning to be fragrant
நறை,FOOD,honey/sweetness
பனிப்ப,O,verb meaning to drip
தென்றல்,NATURE,southern breeze
அசைவரூஉம்,O,verb meaning moving (with expletive)
செம்மற்றே,O,noun with expletive meaning splendid nature
அம்ம,O,interjection (expletive)
நின்,O,pronoun meaning your
குன்றத்தால்,MOUNTAIN,from the mountain/passage
கூடல்,PLACE,Koodal/Madurai
வரவு,O,noun meaning coming/path
குன்றம்,MOUNTAIN,mountain
உடைத்த,O,past participle meaning broke
ஒளிர்,O,adjective meaning bright/shining
வேலோய்,PERSON,O lord with spear
கூடல்,PLACE,Koodal/Madurai
மன்றல்,O,noun meaning fragrance
கலந்த,O,past participle meaning mixed
மணி,OBJECT,beautiful/gem-like
முரசின்,OBJECT,of the drum
ஆர்ப்பு,O,noun meaning roar/sound
எழ,O,verb meaning to rise
காலொடு,NATURE,with wind
மயங்கிய,O,past participle meaning mixed
கலிழ்,O,adjective meaning muddied
கடலென,WATERBODY,like the ocean
மால்,O,adjective meaning dark/great
கடல்,WATERBODY,ocean
குடிக்கும்,O,verb meaning drinking
மழைக்,NATURE,rain cloud's
குரலென,O,noun meaning like the sound/roar
ஏறு,NATURE,thunder
அதிர்க்கும்,O,verb meaning roaring
இந்திரன்,DEITY,Indiran
இரும்,O,adjective meaning great/loud
உருமென,NATURE,like thunder
மன்றல்,O,noun meaning drum (by metonymy)
அதிர,O,verb meaning to roar
அதிர,O,verb meaning to roar
மாறு,O,adverb meaning again and again
மாறு,O,adverb meaning again and again
அதிர்க்கும்,O,verb meaning roaring
நின்,O,pronoun meaning your
குன்றம்,MOUNTAIN,mountain
குமுறிய,O,past participle meaning rumbling/sounding
உரை,O,noun meaning sound/fame
தூது,MESSENGER,messenger
ஏய,O,past participle meaning sent
வண்டின்,INSECT,of bees
தொழுதி,O,noun meaning swarm
முரல்வு,O,noun meaning humming/music
அவர்,PERSON,their
காதல்,O,noun meaning love
மூதூர்,PLACE,ancient town
மதில்,STRUCTURE,wall
கம்பலைத்தன்று,O,verb meaning created loud noises
வடு,FRUIT,split tender green mango
வகிர்,O,adjective meaning split
வென்ற,O,past participle meaning victorious
கண்,PERSON,eye
மாந்தளிர்,PLANT,tender mango sprout
மேனி,PERSON,body/complexion
நெடு,O,adjective meaning long
மென்,O,adjective meaning delicate
பணைத்தோள்,PERSON,bamboo-like arms
குறுந்தொடி,OBJECT,small bangles
மகளிர்,PERSON,women
ஆராக்,O,negative adjective meaning unfulfilled
காமம்,O,noun meaning love/desire
ஆர்,O,adjective meaning beautiful
பொழிற்,FOREST,in the woods/grove
பாயல்,O,noun meaning bed/flower bed
வரையகத்து,MOUNTAIN,on the mountain slopes
இயைக்கும்,O,verb meaning uniting
வரையா,O,negative adjective meaning endless
நுகர்ச்சி,O,noun meaning enjoyment
முடியா,O,negative adjective meaning endless
நுகர்ச்சி,O,noun meaning enjoyment
முற்றாக்,O,negative adjective meaning not mature/young
காதல்,O,noun meaning love
அடியோர்,PERSON,women who unite
மைந்தர்,PERSON,men/husbands
அகலத்து,PERSON,on the chests
அகலா,O,negative verb meaning not leaving
அலர்,FLOWER,flower
ஞெமல்,O,noun meaning swimming/floating
மகன்றில்,BIRD,makandril bird (a kind of water bird)
நன்னர்ப்,O,adjective meaning lovely/good
புணர்ச்சி,O,noun meaning union
புலரா,O,negative adjective meaning not drying/not ending
மகிழ்,O,noun meaning happiness
மறப்பு,O,noun meaning forgetting
அறியாது,O,negative verb meaning not knowing
நல்கும்,O,verb meaning giving/bestowing
சிறப்பிற்றே,O,noun with expletive meaning it is great
தண்,O,adjective meaning cool
பரங்குன்று,MOUNTAIN,Thirupparankundram
இனி,O,adverb meaning now
மன்னும்,O,adverb meaning greatly/abundantly
ஏதிலர்,PERSON,other women/strangers
நாறுதி,O,verb meaning you smell
ஆண்டு,O,adverb meaning there
பனி,NATURE,dew/moisture
மலர்க்,FLOWER,flower-like
கண்ணாரோடு,PERSON,with women with flower-like eyes
ஆட,O,verb meaning to play/to unite
நகை,O,noun meaning smile/brightness
மலர்,FLOWER,flower
மாலைக்கு,NATURE,for the evening
மாலை,NATURE,evening
வரூஉம்,O,verb meaning occurs/comes (with expletive)
வரை,MOUNTAIN,mountain (Thirupparankundram)
சூள்,O,noun meaning oath/vow
நில்,O,verb meaning avoid/do not
காலை,NATURE,morning
ப்போய்,O,verb meaning going
மாலை,NATURE,evening
வரவு,O,noun meaning arrival/coming
இனி,O,adverb meaning now
மணல்,PLACE,sand
வையை,WATERBODY,Vaiyai
இரும்,O,adjective meaning great/large
பொழிலும்,FOREST,grove/forest
குன்றப்,MOUNTAIN,mountain's
பனி,NATURE,dew
பொழி,O,verb meaning showering
சாரலும்,MOUNTAIN,mountain slopes
பார்ப்பாரும்,PROFESSION,Brahmins
துனியல்,O,verb meaning do not be angry
மலருண்கண்,PERSON,O one with kohl-rimmed flower-like eyes
சொல்,O,noun meaning word/speech
வேறு,O,adjective meaning different
நாற்றம்,O,noun meaning fragrance/odor
கனியின்,FRUIT,from fruits
மலரின்,FLOWER,from flowers
மலிர்,O,adjective meaning abundant/filled
கால்,NATURE,wind
சீப்பு,O,noun meaning continuously blowing
இன்னது,O,pronoun meaning this/this is it
துனியல்,O,verb meaning do not be angry
நனி,O,adverb meaning greatly/very
நீ,PERSON,you
நின்,O,pronoun meaning your
சூள்,O,noun meaning oath/vow
என்,O,pronoun meaning my
பாணி,O,noun meaning time/manner
நில்,O,verb meaning wait
நில்,O,verb meaning wait
எலாஅ,O,interjection meaning hey (addressing)
பாணி,O,noun meaning time/manner
நீ,PERSON,you
நின்,O,pronoun meaning your
சூள்,O,noun meaning oath/vow
சான்றாளர்,PERSON,great/parents
ஈன்ற,O,past participle meaning gave birth to
தகாஅத்,O,negative adjective meaning unfit/not good
தகாஅ,O,negative adjective meaning unfit/not good
மகாஅன்,PERSON,son (with expletive)
ஈன்றாட்கு,PERSON,to the woman who gave birth/mother
ஒரு,O,adjective meaning one/only
பெண்,PERSON,daughter/girl
இவள்,PERSON,this woman/she
இருள்,NATURE,darkness
மை,OBJECT,kohl
ஈர்,O,adjective meaning moist
உண்கண்,PERSON,kohl-rimmed eyes
இலங்கு,O,adjective meaning bright/shining
இழை,OBJECT,jewels
ஈன்றாட்கு,PERSON,to the woman who gave birth/mother
அரியளோ,PERSON,is she precious/not a burden
ஆவது,O,verbal noun meaning what will happen
அறிந்திலேன்,O,verb meaning I did not know
ஈதா,O,interjection meaning look here/listen
வருபுனல்,WATERBODY,flowing water
வையை,WATERBODY,Vaiyai
மணல்,PLACE,sand
தொட்டேன்,O,verb meaning I touch/I swear
தருமணவேள்,PERSON,Murukan (who gives wedding bliss)
தண்,O,adjective meaning cool
பரங்குன்றத்து,MOUNTAIN,of Thirupparankundram
அடி,PERSON,foot
தொட்டேன்,O,verb meaning I touch/I swear
என்பாய்,O,verb meaning you say
கேளிர்,PERSON,relatives/friends
மணலின்,PLACE,than sand
கெழுவும்,O,verb meaning showing closeness/respect
இதுவோ,O,interrogative meaning is this
ஏழ்,O,numeral meaning seven
உலகும்,PLACE,worlds
ஆளி,O,verb meaning ruling
திரு,O,adjective meaning sacred/beautiful
வரை,MOUNTAIN,mountain
மேல்,O,postposition meaning on/upon
அன்பு,O,noun meaning love/respect
அளிதோ,O,predicate meaning pitiable
என்னை,O,pronoun meaning me (accusative)
அருளி,O,verb meaning being kind
அருள்,O,noun meaning grace/benevolence
முருகு,PERSON,Murukan
சூள்,O,noun meaning oath/vow
சூளின்,O,conditional verb meaning if promising
நின்னை,O,pronoun meaning you (accusative)
அருள்,O,noun meaning grace/mercy
இல்,O,negative particle meaning without
அணங்கான்,DEITY,fierce deity/Murukan
மெய்,PERSON,body
வேல்,WEAPON,spear
தின்னும்,O,verb meaning will eat/consume
விறல்,O,noun meaning victory
வெய்யோன்,PERSON,one desiring victories (Murukan)
ஊர்,O,adjective meaning moving
மயில்,BIRD,peacock
வேல்,WEAPON,spear
நிழல்,O,noun meaning shadow
நோக்கி,O,verb meaning looking
அறவர்,PERSON,wise ones/sages
அடி,PERSON,foot
தொடினும்,O,conditional verb meaning even if touching
ஆங்கு,O,adverb meaning there
அவை,O,pronoun meaning those
சூளேல்,O,negative verb meaning do not swear
குறவன்,PERSON,mountain dweller/hunter
மகள்,PERSON,daughter (Valli)
ஆணை,O,noun meaning command/oath
கூறு,O,verb meaning speaking/uttering
ஏலா,O,interjection meaning hey you (address)
கூறேல்,O,negative verb meaning do not say/do not do
ஐய,PERSON,O sir (address)
சூளின்,O,conditional verb meaning if promising
அடி,PERSON,foot
தொடு,O,verb meaning touching
குன்றொடு,MOUNTAIN,with the mountain
வையைக்கு,WATERBODY,to Vaiyai
தக்க,O,adjective meaning suitable/fitting
மணல்,PLACE,sand
சீர்,O,noun meaning fame/pride
சூள்,O,noun meaning oath/vow
கூறல்,O,negative verb meaning do not utter/do not swear